Title,Sumber,Label
IDI Lhokseumawe siap dukung vaksin Pfizer untuk pelajar,antaranews,1
Menkes ingatkan kepala daerah prioritaskan vaksinasi untuk lansia,antaranews,0
Kemenkes intensifkan vaksinasi di tengah temuan varian baru COVID-19,antaranews,0
"Lagi, delapan juta dosis vaksin COVID-19 Sinovac tiba di Indonesia",antaranews,0
Indonesia kedatangan 8 juta bahan baku vaksin COVID-19,antaranews,0
Kimia Farma dukung Media Group gelar vaksinasi gotong royong,antaranews,1
Ikhtiar melindungi warga lanjut usia dari risiko penyakit,antaranews,-1
Satgas: Kasus positif COVID-19 di Kaltim bertambah 140 orang,antaranews,1
Pakar genetika IPB soroti fenomena penularan COVID-19 ke hewan,antaranews,0
"Vaksinasi COVID-19 selesai dijalani 10,5 juta penduduk Indonesia",antaranews,0
Pemkab Pamekasan vaksin 768 lansia,antaranews,0
Sentra Vaksinasi Indonesia Bangkit perpanjang vaksinasi bagi lansia,antaranews,0
Vaksinasi COVID-19 di Indonesia capai 16.203.829 orang,antaranews,0
Ikhtiar lansia di Riau melawan COVID-19,antaranews,0
Kemarin pemerintah siapkan Rp270 miliar untuk Kampus Merdeka Vokasi,antaranews,0
Dinkes sebut 29.183 warga Kendari sudah divaksinasi COVID-19,antaranews,0
"Satgas: 1,2 juta warga Bali telah divaksinasi COVID-19 dosis pertama",antaranews,0
Satgas: Vaksin COVID-19 tidak mengandung magnet,antaranews,0
Satgas: Hanya sebagian merek vaksin diujicobakan kepada anak-anak,antaranews,0
Penggunaan vaksin Pfizer untuk pelajar di RI tunggu rekomendasi ahli,antaranews,0
Epidemiolog UGM : Vaksinasi COVID-19 timbulkan rasa aman semu,antaranews,1
Ahli ingatkan perlunya intensifkan program vaksinasi COVID-19 lansia,antaranews,0
10.486.399 orang Indonesia telah menerima vaksin COVID-19 dosis ke-2,antaranews,0
Ketersediaan vaksin COVID-19 terjaga,antaranews,1
Perlindungan berlapis untuk semakin produktif di tengah pandemi,antaranews,1
"Humaniora kemarin, varian baru COVID-19 hingga pembajakan buku",antaranews,-1
"Kemenkes: AstraZeneca aman, masyarakat jangan pilih jenis vaksin",antaranews,0
Jumlah penerima vaksin COVID-19 di RI capai 15.703.583 orang,antaranews,0
Satgas COVID-19 Yogyakarta: Belum ada laporan KIPI vaksin AstraZeneca,antaranews,0
Kadin Surakarta mulai pendaftaran Program Vaksinasi Gotong Royong,antaranews,0
BPOM:  Vaksin AstraZeneca bets CTMAV547 dapat digunakan kembali,antaranews,0
Layanan vaksin COVID-19 tanpa turun,antaranews,1
Wamenkes: Puncak kasus COVID-19 usai Lebaran terjadi pada Juni,antaranews,0
DPR dukung uji klinis Tahap III Vaksin Nusantara,antaranews,1
Pakar: Ada sedikit penurunan efektivitas vaksin terhadap B1617,antaranews,0
"Kemarin, vaksinasi COVID-19, penutupan akses Kudus sampai arah kiblat",antaranews,0
Pemprov Bali tanggapi berita tukang jahit meninggal usai divaksin,antaranews,0
Vaksinasi JCH Banda Aceh dipastikan tuntas sebelum keberangkatan,antaranews,0
"10,2 juta penduduk Indonesia sudah selesai jalani vaksinasi COVID-19",antaranews,0
Pro dan kontra risiko AstraZeneca,antaranews,-1
Babel perpanjang peniadaan transportasi cegah varian baru COVID-19,antaranews,0
Menaker dorong percepat vaksinasi calon pekerja migran Indonesia,antaranews,0
15.330.306 penduduk Indonesia telah mendapat vaksinasi COVID-19,antaranews,0
Satgas: Temuan vaksinasi ilegal wajib jadi refleksi pengawas,antaranews,-1
Seluruh pengajar di Surabaya divaksin jelang sekolah tatap muka,antaranews,0
8 juta dosis bahan baku vaksin Sinovac tiba di Indonesia,antaranews,0
Jawa Tengah percepat pelaksanaan vaksinasi COVID-19 pada warga lansia,antaranews,0
Delapan juta vaksin Sinovac tiba di Bandara Soetta,antaranews,0
Vaksinasi COVID-19 tahap III mulai Juni 2021,antaranews,0
Pemerintah terima pasokan bahan baku 8 juta dosis vaksin Sinovac,antaranews,0
"Kemarin pemerintah jalankan strategi pentahelix, jamin keamanan vaksin",antaranews,0
KJRI Hong Kong punya aplikasi pelayanan pekerja migran,antaranews,0
"Pemerintah Aceh terbitkan Ingub PPKM, tindaklanjuti instruksi Mendagri",antaranews,0
Kemenkes jamin vaksin COVID-19 AstraZeneca aman,antaranews,1
Jubir tegaskan vaksin gotong royong gratis,antaranews,0
KPC-PEN : 8 juta vaksin Sinovac kembali datang Selasa,antaranews,0
STIE Indonesia minta dukungan LaNyalla jadi Institut Bisnis Teknologi,antaranews,1
Sebanyak 1.350 karyawan hotel repatriasi menerima vaksinï¿½,antaranews,0
Pasien sembuh COVID-19 bertambah 5.234 orang,antaranews,0
Penerima vaksin lengkap warga Indonesia bertambah 25.318 jiwa,antaranews,0
Kemenkes: Realisasi 1 juta vaksinasi per hari bergulir Juni,antaranews,0
Polresta Pekanbaru jalankan vaksinasi keliling,antaranews,0
"""Work from Bali"" dan optimisme bangkit dari pandemi",antaranews,1
Satgas: Tingkat kesembuhan pasien COVID-19 Mataram naik signifikan,antaranews,1
Kemenag Mataram: Informasi 60 ribu kuota haji 2021 bak angin segar,antaranews,0
Satgas COVID-19 Sulsel: 424.078 orang telah disuntik vaksin,antaranews,0
"Total 14,8 juta penduduk Indonesia telah divaksinasi COVID-19",antaranews,0
Gubernur Riau harap vaksinasi massal di Dumai selesai sepekan,antaranews,0
Gubernur Riau: Dumai harus habiskan 5.000 dosis vaksin sepekan,antaranews,0
Kalsel kembali giatkan penelusuran kasus COVID-19 setelah Lebaran,antaranews,0
Pekanbaru gelar vaksinasi massal lagi kini di delapan titik,antaranews,0
"Kemarin puluhan rumah rusak akibat gempa, kapal tenggelam di Jambi",antaranews,-1
Pemberian vaksin AstraZeneca dilanjutkan,antaranews,0
LaNyalla: Penjualan vaksin COVID-19 ilegal cederai rasa kemanusiaan,antaranews,-1
Jumlah pasien COVID-19 meninggal di Sumut bertambah enam orang,antaranews,0
Vaksinasi COVID-19 bagi pelaku pariwisata di Batam,antaranews,-1
14.815.666 jiwa penduduk RI telah menjalani vaksinasi dosis pertama,antaranews,0
3.000 pelaku pariwisata dan budayawan Batam divaksin COVID-19,antaranews,-1
80 persen CJH Aceh sudah divaksin meski belum pasti berangkat,antaranews,0
Presiden minta para pemimpin dunia cermati kesenjangan vaksin,antaranews,0
Mendikbudristek optimistis sektor seni dan budaya kembali bangkit,antaranews,0
AstraZeneca disebut lebih besar manfaat daripada efek sampingnya,antaranews,1
Pasien COVID-19 yang meninggal di Sumut bertambah empat orang,antaranews,0
594 PMI masih jalani karantina dan isolasi di Batam,antaranews,0
Banjarmasin gelar pelayanan vaksinasi COVID-19 di delapan masjid,antaranews,0
Kasus positif COVID-19 Lampung bertambah 86 orang,antaranews,1
Dinkes Madiun jamin keamanan vaksin AstraZeneca,antaranews,0
Ratusan calon haji Tabalong divaksin COVID-19,antaranews,0
"Kemarin, literasi digital sampai penggunaan AstraZeneca dilanjutkan",antaranews,0
Komnas KIPI: 30 agenda sidang kasus imunisasi dimenangkan negara,antaranews,0
Komnas KIPI: Uji sterilitas dan toksisitas vaksin jadi standar dunia,antaranews,0
Komnas KIPI: Dua dari tiga kematian tak berhubungan AstraZeneca,antaranews,-1
Pfizer dan Moderna minta dibebaskan dari hukum bila terjadi KIPI,antaranews,1
Satgas: Pemberian AstraZeneca non-batch CTMAV547 tetap dilakukan,antaranews,0
Kota Malang terima tambahan vaksin AstraZeneca 100 ribu dosis,antaranews,0
"9,5 juta warga Indonesia sudah selesai jalani vaksinasi COVID-19",antaranews,0
Kilas NusAntara Edisi COVID-19,antaranews,0
Pelaku seni yang sudah divaksin diharapkan dapat berkarya dengan aman,antaranews,1
Komnas KIPI tangani 229 laporan KIPI serius Sinovac dan AstraZeneca,antaranews,1
Pemkot Madiun siap gelar pendidikan tatap muka,antaranews,1
Bupati berharap tidak ada lonjakan COVID-19 di Banyumas usai Lebaran,antaranews,0
Dinkes Gunung Kidul gunakan Astrazeneca untuk vaksinasi,antaranews,0
"Kemarin, kartu nikah digital hingga donasi untuk Palestina",antaranews,0
Pemkab Mamuju luncurkan program gebrak vaksin COVID-19,antaranews,0
3.841 calon jamaah haji Aceh telah vaksinasi COVID-19,antaranews,0
Hanya satu dari 40 batch AstraZeneca dihentikan sementara,antaranews,0
Ruang isolasi bagi pelaku perjalanan positif COVID-19 di Lampung penuh,antaranews,1
Warga Moskow diawasi 380 ribu CCTV selama pandemi,antaranews,0
Kasus positif COVID-19 di Kaltim bertambah 128 orang,antaranews,1
Ada apa dengan AstraZeneca di Indonesia?,antaranews,0
Indocement vaksin 1.000 karyawan cegah penularan COVID-19,antaranews,0
Vaksin Novavax dan Pfizer diperkirakan tiba di Indonesia pada Juli,antaranews,0
Gubernur Jatim ingatkan kepala daerah maksimalkan percepatan vaksinasi,antaranews,0
Penerima vaksin lengkap warga Indonesia bertambah 119.035 jiwa,antaranews,0
Menteri BUMN tinjau Sentra Vaksinasi Gotong Royong di Jakarta,antaranews,0
Presiden minta prioritas Vaksin Gotong-Royong untuk pekerja di Batam,antaranews,0
Jokowi tinjau vaksinasi COVID-19 di Bintan Inti Industrial Estate,antaranews,0
Provinsi Kepri tetap gunakan vaksin Astrazeneca,antaranews,0
Komisi VIII DPR: Bengkulu bisa jadi contoh kesiapan sekolah tatap muka,antaranews,1
BPOM analisa hubungan sebab akibat AstraZeneca dengan KIPI,antaranews,0
Dinkes Palembang vaksin disabilitas dan orang gangguan jiwa,antaranews,-1
Jokowi perintahkan Menkes kirim lebih banyak vaksin ke Riau,antaranews,0
Presiden minta Menkes kirim lebih banyak vaksin COVID-19 ke Riau,antaranews,0
BRIN fokus pengembangan vaksin dan alat deteksi COVID-19,antaranews,0
"Kemarin, tidak ""tebang pilih"" vaksin COVID hingga moratorium izin TKA",antaranews,0
Update data COVID-19 di Papua terkendala gangguan telekomunikasi,antaranews,-1
Bupati Bekasi dorong perusahaan ikut vaksinasi gotong royong,antaranews,0
"Disaksikan Presiden, 1.000 karyawan Indocement divaksin Gotong Royong",antaranews,0
"Kemenkes imbau masyarakat tidak ""tebang pilih"" vaksin",antaranews,0
9.247.600 warga Indonesia telah dapatkan dosis vaksin COVID-19 lengkap,antaranews,0
18 pasien COVID-19 tanpa gejala ditangani RSUD Mataram,antaranews,1
105 angkot dikerahkan untuk antar lansia jalani vaksinasi di Bandung,antaranews,0
Bupati Bangli pantau vaksinasi COVID-19 agar target tercapai,antaranews,0
Menkes: Vaksinasi COVID-19 untuk lansia di Jabar rendah,antaranews,-1
Pakar laporkan situasi penggunaan AstraZeneca di 6 negara tetangga RI,antaranews,-1
Presiden berharap vaksinasi bisa mencakup 70 juta warga pada September,antaranews,0
Penghentian sementara vaksin AstraZeneca CTMAV547,antaranews,0
Pekerja distributor barang perlu diprioritaskan vaksin gotong royong,antaranews,0
Ratusan pelaku pariwisata gunakan Vaksin Sinovac di Badung-Bali,antaranews,-1
Kakesdam: Vaksin AstraZeneca Batch CTMAV547 tak ditarik tapi ditunda,antaranews,0
14 orang pelaku perjalanan positif COVID-19,antaranews,1
Balikpapan kembalikan 3.200 dosis Vaksin AstraZeneca batch CTmAV547,antaranews,0
Dinkes sebut vaksin AstraZeneca di Sumsel aman,antaranews,1
Sinar Mas siap lakukan Vaksinasi Gotong Royong bagi ribuan karyawannya,antaranews,1
9 juta lebih warga Indonesia telah selesai jalani vaksinasi COVID-19,antaranews,0
Gubernur Jatim: Bentuk Satgas COVID-19 di setiap sekolah,antaranews,0
Warga Kalsel diingatkan potensi lonjakan COVID-19 klaster wisata,antaranews,0
Dinkes: Vaksin AstraZeneca untuk Bali tak masuk yang disetop Kemenkes,antaranews,0
Pasien sembuh di Manokwari tambah 9 orang,antaranews,0
Pakar usulkan penelitian Sinovac dipublikasikan jurnal internasional,antaranews,0
Tempat tidur isolasi dan ICU empat rumah sakit di Kepri sudah penuh,antaranews,-1
8.970.715 warga Indonesia telah menerima vaksin dosis lengkap,antaranews,0
Kemenkes hentikan sementara 448.480 dosis AstraZeneca batch CTMAV547,antaranews,0
17 Kelurahan di Palangka Raya zona hijau COVID-19,antaranews,0
Pasien sembuh COVID-19 di Palangka Raya bertambah 43 orang jadi 5.464,antaranews,0
Disbudpar apresiasi warga taati larangan berwisata ke siring sungai,antaranews,0
"13,7 juta orang sudah mendapat suntikan vaksin COVID-19",antaranews,0
Bisakah Indonesia menyusul pencapaian lepas masker di AS?,antaranews,0
Total penerima vaksin COVID-19 capai 13.699.393 orang,antaranews,0
Pasien COVID-19 sembuh di Bangka 2.978 orang,antaranews,0
Vaksinasi COVID-19 di Indramayu libur,antaranews,0
"Berbasis banjar, Bali gencarkan vaksinasi COVID-19",antaranews,0
Kesedihan 'termantap' perawat saat kumandang takbir,antaranews,0
Yayasan Bersih: Program Vaksinasi Massal BUMN di Surabaya sukses,antaranews,1
8.919.557 penduduk Indonesia telah selesaikan vaksinasi COVID-19,antaranews,0
Menkes: Jaga orang yang dicintai dari penularan COVID-19,antaranews,1
Vaksin Sinovac 94 persen efektif cegah COVID-19 bergejala,antaranews,0
13.678.323 jiwa penduduk Indonesia telah divaksinasi,antaranews,0
"Kemenkes: 80,8 persen publik bersedia terima vaksin COVID-19",antaranews,0
Indocement bagikan Zakat Fitrah ke 12 desa di Bogor,antaranews,0
Total 13.615.313 orang telah jalani vaksinasi COVID-19,antaranews,0
Ahli: Vaksin merupakan ikhtiar untuk melindungi diri,antaranews,0
"Kemarin, Kemnaker terima 1.860 laporan THR hingga Lebaran 13 Mei",antaranews,0
"Masuk daftar EUL WHO, Sinopharm permudah penyediaan vaksin",antaranews,0
GTPP Denpasar : 361 terpapar COVID-19 masih dirawat di RS,antaranews,0
Kemenkes: Penghapusan hak paten vaksin berkontribusi pada akses dunia,antaranews,0
13.475.807 orang di Indonesia telah terima vaksin COVID-19,antaranews,0
Pemerintah targetkan 1 juta vaksinasi pada Juni 2021,antaranews,0
Komnas KIPI: Belum cukup bukti kaitkan vaksin dan meninggalnya Trio,antaranews,1
"Keluhkan sakit pascavaksinasi COVID-19, warga Sukabumi dilarikan ke RS",antaranews,-1
Perkebunan sawit di Kotim diminta atur jadwal pekerja turun ke kota,antaranews,-1
"Kemarin, varian B1617 di Kalteng sampai 8,6 juta orang terima vaksin",antaranews,0
Positif COVID-19 di Sultra bertambah menjadi 10.451,antaranews,0
Freeport berbagi bersama dengan 1.000 anak yatim-dhuafa di Jabodebek,antaranews,1
Tim pakar: Maksimalkan vaksinasi saat penyekatan larangan mudik,antaranews,0
Pakar optimis kasus COVID-19 Indonesia tidak sampai seperti India,antaranews,1
Vaksinasi COVID-19 bagi penyandang disabilitas,antaranews,0
Kemensos fasilitasi penyandang disabilitas mental ikuti vaksinasi,antaranews,0
Vaksinasi COVID-19 bagi lansia Aceh capai 3.730 orang,antaranews,0
"Sepekan, upaya antisipasi mudik dan belajar tatap muka",antaranews,0
Pasien COVID-19 yang sembuh di Sulteng bertambah menjadi 11.644 orang,antaranews,0
Sejumlah pemudik masuk ke Solo jalani karantina di STP,antaranews,0
Boyolali bertambah 107 kasus terkonfimasi positif COVID-19,antaranews,1
GTPP Denpasar sebutkan hari ini 36 orang terpapar COVID-19,antaranews,0
"Atalia Praratya, istri Ridwan Kamil sembuh dari COVID-19",antaranews,0
13 juta jiwa telah menjalani vaksinasi dosis pertama,antaranews,0
Vaksin AstraZeneca batch ketiga tiba di Indonesia,antaranews,0
Menlu : Waspadai kenaikan kasus COVID-19 secara global,antaranews,0
Vaksin AstraZeneca kembali tiba di Indonesia,antaranews,0
Indonesia terima batch ketiga vaksin AstraZeneca dari fasilitas COVAX,antaranews,0
Vaksinasi COVID-19 jajaran Kejati Aceh tuntas,antaranews,0
"Kemarin, mulai jumlah penerima vaksin hingga peredaran pangan ilegal",antaranews,-1
Vaksinasi Gotong Royong ditargetkan bergulir 17 Mei 2021,antaranews,0
Tim Satgas Pakar Penanganan COVID-19 Nasional pantau prokes di Badung,antaranews,0
Jumlah penerima vaksin COVID-19 capai 13.136.686 orang,antaranews,0
Kemenkes-Novartis jalin kerja sama pencegahan penyakit tidak menular,antaranews,-1
Epidemiolog: Masyarakat harus disiplin prokes meski sudah divaksin,antaranews,0
Dinkes Sulteng: 83.338 orang telah mengikuti vaksinasi COVID-19,antaranews,0
Satgas COVID-19 pusat monitor pelaksanaan PPKM Mikro di Kota Madiun,antaranews,0
Vaksin COVID-19 telah diterima 12.995.710 orang di Indonesia,antaranews,0
Bali targetkan dua pekan tuntaskan 500 ribu vaksinasi dosis pertama,antaranews,0
Pemprov Jabar tingkatkan vaksinasi di daerah padat penduduk,antaranews,0
Pasien COVID-19 meninggal saat berusaha kabur dari ICU,antaranews,-1
"Mengenal Varian Corona 'Ganas' India, Seberapa Menakutkan?",cnbcindonesia,0
Vaksin Sinopharm Buatan Mana & Berapa Harganya?,cnbcindonesia,0
"Tak Hanya Pandemi, Kominfo Ingatkan Ancaman Infodemic Covid",cnbcindonesia,0
"Top! Lawan Covid, RI Sudah Datangkan 74 Juta Vaksin Corona",cnbcindonesia,1
"6,4 Juta Vaksin Masuk RI, Menkominfo Ingatkan Larangan Mudik",cnbcindonesia,0
Mantap! 6 Juta Vaksin Sinovac & 400 Ribu Sinopharm Tiba di RI,cnbcindonesia,1
"Resmi Dipakai RI, Ini Efek Samping Vaksin Sinopharm China",cnbcindonesia,0
"Vaksinasi Mandiri Mulai Mei, Pakai Vaksin Sinopharm China",cnbcindonesia,0
"RI Resmi Pakai Vaksin Sinopharm Lawan Covid, Efikasinya 78%",cnbcindonesia,0
"Kasus Covid India Semakin Parah, 40 Negara Turun Tangan",cnbcindonesia,0
"Bikin Iri! Mulai Juni, Remaja di Eropa Divaksin Covid-19",cnbcindonesia,1
"Tertular Virus Covid-19 Usai Divaksin, Ini yang Terjadi!",cnbcindonesia,1
"Vaksin Covid Rusia Disebut 'Tercemar' Virus, Bisa Bereplikasi",cnbcindonesia,0
Vaksin Pfizer Diklaim Mampu Lawan Varian Covid India,cnbcindonesia,0
Malaysia Setop Pakai Vaksin AstraZeneca di Program Vaksinasi,cnbcindonesia,0
Prediksi Ngeri Jumlah Kematian Tsunami Covid-19 India,cnbcindonesia,0
"Pembekuan Darah Vaksin AstraZeneca, Ini Respons Warga Inggris",cnbcindonesia,0
Prediksi Menakutkan Kapan Tsunami Covid-19 India Berakhir,cnbcindonesia,0
"Covid Meledak, India Dikhawatirkan Jadi 'Neraka' 2 Pekan Lagi",cnbcindonesia,0
Satgas Covid-19: Warga Jangan Khawatir RI Kekurangan Vaksin,cnbcindonesia,0
Siasat Baru Menkes Suntik Vaksin Covid ke 181 Juta Warga RI,cnbcindonesia,0
"Duh! Ahli Temukan Triple Mutasi Covid di India, Lebih Menular",cnbcindonesia,1
OJK-IKNB-Kemenkes Gelar Vaksinasi Covid-19 Khusus Lansia,cnbcindonesia,0
"Digugat Uni Eropa Gegara Vaksin Covid, Ini Kata AstraZeneca",cnbcindonesia,0
Resmi! Uni Eropa Gugat AstraZeneca Gegara Vaksin Covid,cnbcindonesia,1
Siang-Malam Retno Geber Diplomasi Demi Kecukupan Vaksin Covid,cnbcindonesia,0
"Menlu: Via COVAX, RI Sudah Terima 4,9 Juta Vaksin AstraZeneca",cnbcindonesia,0
"Jokowi Lobi Xi Jinping, 15 Juta Vaksin Sinovac Siap Masuk RI",cnbcindonesia,0
"Biden Bantu India Lawan Tsunami Covid, Embargo Vaksin Dicabut",cnbcindonesia,0
Eks Menkes Cerita Rasanya Disuntik Vaksin Nusantara Terawan,cnbcindonesia,0
"Kabar Baik AstraZeneca dari Chile, Nol Kasus Pembekuan Darah",cnbcindonesia,0
AS Kembali Izinkan Vaksin Covid-19 Johnson & Johnson Beredar,cnbcindonesia,0
Warning Menkes: Stok Vaksin Covid-19 RI Tinggal 20 Hari!,cnbcindonesia,1
"Vaksinasi Corona Ampuh Tekan Covid, Ini Buktinya!",cnbcindonesia,1
Nah Loh! AstraZeneca Digugat Eropa Gegara Vaksin Covid-19,cnbcindonesia,1
"Duh! Tsunami Covid Menerjang, India Defisit Vaksin Corona",cnbcindonesia,1
Awas Tertipu! Vaksin Covid-19 Mulai Beredar di Pasar,cnbcindonesia,1
Pelajaran Berharga yang Dipetik RI dari Tsunami Covid India,cnbcindonesia,0
"Kemenkes Akui Laju Penyuntikan Vaksin Melambat, Alasannya?",cnbcindonesia,0
Kabar Baik! 7-10 Juta vaksin Sinovac Tiba di RI akhir April,cnbcindonesia,1
"3,8 Juta Vaksin Covid-19 AstraZeneca Tiba di RI Akhir April?",cnbcindonesia,0
"Efek Samping Vaksin AstraZeneca di RI, Bukan Pembekuan Darah",cnbcindonesia,0
"Tak Ada Efek Samping Berat,RI Lanjut Pakai Vaksin AstraZeneca",cnbcindonesia,0
"Sempat Bikin Heboh, Begini 'Ending' Vaksin Nusantara Terwan",cnbcindonesia,0
Jokowi Komentari Polemik Vaksin Nusantara: Kok Ramai Sih?,cnbcindonesia,0
"Jokowi Targetkan 70 Juta Orang Divaksin per Juli, Realistis?",cnbcindonesia,0
Catat! Vaksinasi Mandiri Dimulai Minggu Ketiga Mei 2021,cnbcindonesia,1
Fix! Vaksinasi Gotong Royong Pakai Vaksin Sinopharm & Sputnik,cnbcindonesia,1
Menkes Bicara Vaksin Terawan & Pengawasan Tak Lagi di BPOM,cnbcindonesia,0
"Akhir Kontroversi, Vaksin Terawan Tak Bisa Dikomersialkan!",cnbcindonesia,1
Sah! Pengawasan Vaksin Terawan Digeser dari BPOM ke Kemenkes,cnbcindonesia,1
"Bukan Disuntik, China Uji Coba Vaksin Covid-19 Hirup",cnbcindonesia,0
Alasan Anang Hermansyah Mau Disuntik Vaksin Nusantara Terawan,cnbcindonesia,0
Menkes BGS Sudah Bahas Vaksin Terawan Bareng Kasad & Muhadjir,cnbcindonesia,0
"Ramai Suntik Vaksin Nusantara di RSPAD, Faktanya?",cnbcindonesia,0
Tegas! Vaksin Nusantara Terawan Bukan Program TNI,cnbcindonesia,1
"Menkes: Dunia Berebut Vaksin Covid-19, Makin Keras!",cnbcindonesia,1
Menkes Sebut Masih Banyak Lansia yang Ogah Divaksin Covid,cnbcindonesia,0
"Covid-19 Masih Menggila, Jokowi: Jangan Lengah!",cnbcindonesia,1
Pesan BGS ke Kepala Daerah: Kebut Vaksinasi Saat Ramadan!,cnbcindonesia,1
6 Negara ini Laporkan Pembekuan Darah Efek Vaksin AstraZeneca,cnbcindonesia,0
Duh! Kanada Laporkan Pembekuan Darah Efek Vaksin AstraZeneca,cnbcindonesia,1
Resmi! RI Kedatangan 6 Juta Bulk Vaksin Covid-19 Sinovac,cnbcindonesia,1
Simak! Kondisi Ini yang Buat Orang Puasa Tak Bisa Divaksin,cnbcindonesia,1
"WHO: Dunia di Titik Kritis Pandemi, Mutasi Covid Makin Ganas",cnbcindonesia,0
"Sad! Negara Kaya Kuasai Vaksin, Yang Miskin Gak Kebagian",cnbcindonesia,1
"Sertifikat Vaksin Tak Jadi Syarat Perjalanan, Ini Kata Sandi",cnbcindonesia,0
Kapan Vaksin Merah Putih Dipakai Lawan Covid? Ini Kata BPOM,cnbcindonesia,0
Warga Bumi Harus Suntik Ulang Vaksin Covid Setiap Tahun?,cnbcindonesia,0
"Denmark Setop Pakai AstraZeneca, BPOM Sebut RI Lanjut Terus!",cnbcindonesia,1
"Pembekuan Darah, 4 Orang Meninggal Usai Divaksin AstraZeneca",cnbcindonesia,0
"Ada Usul Paspor Vaksin untuk Berwisata, Cek Kata Epidemiolog",cnbcindonesia,0
"Batalkah Puasa Bila Lakukan Donor Darah, Swab Test & Vaksin?",cnbcindonesia,0
Top! Satgas Sebut Vaksin Sinovac RI Lagi Disertifikasi WHO,cnbcindonesia,1
Begini Gejala Pembekuan Darah Usai Disuntik Vaksin Covid-19,cnbcindonesia,0
"Anggota DPR Ini Ngotot Ikut Vaksin Nusantara, Alasannya?",cnbcindonesia,0
"Jangan Takabur, Orang yang Divaksin Masih Bisa Kena Covid",cnbcindonesia,0
"4 Vaksin Covid-19 Diterpa Isu Miring, Ada Pfizer & Sinovac",cnbcindonesia,0
Apakah Satgas Covid-19 Mendukung Vaksin Nusantara Terawan?,cnbcindonesia,0
"Ahli: Vaksin Nusantara Bukan Inovasi Anak Bangsa, Tapi AS",cnbcindonesia,0
"Vaksin Nusantara jadi Kontroversi, Ini Sikap Tegas IDI",cnbcindonesia,0
"Imuwan Sebut Varian Corona P1 Brasil Bermutasi, Lebih Ganas",cnbcindonesia,0
"Jadi Kontroversi, Peneliti Vaksin Nusantara Buka-bukaan",cnbcindonesia,0
"Pembekuan Darah, Penyuntikan Vaksin Johnson & Johnson Disetop",cnbcindonesia,0
"Ical Hingga Gatot, Deretan Tokoh yang Disuntik Vaksin Terawan",cnbcindonesia,0
Resmi! Denmark Setop Penggunaan Vaksin Covid-19 AstraZeneca,cnbcindonesia,1
Blak-blakan Ketua Fraksi PAN Mau Disuntik Vaksin Terawan,cnbcindonesia,0
Wah! UE Tak Bakal Perpanjang Kontrak Vaksin AstraZeneca?,cnbcindonesia,1
Satgas Covid Bicara Kejanggalan Vaksin Nusantara Terawan,cnbcindonesia,0
"Viral, Molnupiravir 'Obat' Baru yang Bisa Sikat Covid-19",cnbcindonesia,0
"Sertifikat Vaksin Belum Jadi Syarat Perjalanan, Ini Alasannya",cnbcindonesia,0
"Bela China, Turki: Vaksin Sinovac Sangat Efektif Lawan Covid",cnbcindonesia,0
Kontroversi Vaksin Nusantara yang Mulai Disuntikkan Hari Ini,cnbcindonesia,0
Gatot Nurmantyo Ikut Disuntik Vaksin Nusantara Terawan,cnbcindonesia,0
Beberapa Anggota DPR Disuntik Vaksin Nusantara Hari Ini,cnbcindonesia,0
Berapa Lama Vaksin Moderna Lindungi Tubuh dari Covid-19?,cnbcindonesia,0
"Besok, Sejumlah Anggota DPR Disuntik Vaksin Nusantara Terawan",cnbcindonesia,0
BPOM Buka-bukaan Soal Tahapan Uji Vaksin Covid-19 di RI,cnbcindonesia,0
Alasan Menkes RI Pakai 4 Vaksin Covid-19 Buat Lawan Covid,cnbcindonesia,0
"Pembekuan Darah, Regulator AS: Setop Pakai Vaksin Covid J&J",cnbcindonesia,0
Menristek Bongkar Perkembangan Vaksin Made in RI,cnbcindonesia,0
Bambang Brodjonegoro Beberkan Karya Anak Bangsa Lawan Covid,cnbcindonesia,0
Pembekuan Darah Usai Divaksin AstraZeneca Muncul Lagi,cnbcindonesia,0
"Cuma Salah Paham, China Bantah Soal Vaksinnya Kurang Manjur",cnbcindonesia,0
"Darurat Covid Meledak, India Pakai Vaksin Rusia Sputnik V",cnbcindonesia,0
"Jokowi Hapus Kemenristek, Gimana Nasib Vaksin Made in RI?",cnbcindonesia,0
"Heboh China Akui Kemanjuran Vaksinnya Rendah, Faktanya?",cnbcindonesia,0
"Di Hadapan Jokowi, Merkel Janji Bantu Vaksinasi Negara Miskin",cnbcindonesia,0
Bambang Brodjonegoro Pamer N29 Hingga Drone di Hannover Messe,cnbcindonesia,0
"China Akui Kemanjuran Vaksinnya Rendah, Berapa Efikasinya?",cnbcindonesia,0
Duh! Vaksin Pfizer Kurang Efektif Lawan Mutasi Corona Afsel,cnbcindonesia,1
"Akui Kemanjuran Rendah, China Bakal Campur Vaksin Corona",cnbcindonesia,0
"Banyak Kontroversi, Ini Sederet Fakta Vaksin AstraZeneca",cnbcindonesia,0
"China Mau Buat ""Ramuan Ajaib"" Baru Buat Lawan Corona",cnbcindonesia,0
Kabar Buruk! Vaksin Pfizer Tak Kuat Lawan Virus Corona Afsel,cnbcindonesia,1
Pakai Masker Usai Divaksin Bisa Lindungi Nyawa Ribuan Orang,cnbcindonesia,0
Duh! 4 Orang Alami Pembekuan Darah Usai Divaksin Covid Ini,cnbcindonesia,1
Catat! Ini 5 Vaksin Covid yang Sedang Dikaji BPOM RI,cnbcindonesia,1
"China 'Ngegas', Janji Produksi 3 Miliar Vaksin Covid di 2021",cnbcindonesia,0
"Jangan Salah, Ini Alasan Muncul Efek Samping Vaksin Covid-19",cnbcindonesia,0
UE Minta Pembekuan Darah Masuk Efek Samping Vaksin Covid-19,cnbcindonesia,0
"Miris! WHO Sebut Negara Miskin Cuma Dapat 0,2% Stok Vaksin",cnbcindonesia,1
Sikap WHO Vaksin Covid-19 Pertama dengan Kedua Beda Merek,cnbcindonesia,0
"Pasokan Seret, Ini 4 Strategi Menkes Amankan Vaksin Covid RI",cnbcindonesia,0
BPOM Beberkan Kabar Terbaru Vaksin Made in RI,cnbcindonesia,0
"BPOM Bicara Soal Vaksin Nusantara Terawan, Apa Katanya?",cnbcindonesia,0
Menkes Ungkap Alasan Terjadinya Rebutan Vaksin Covid-19,cnbcindonesia,0
"Vaksin AstraZeneca Penuh Kontroversi, Ini Jalan Keluar Ahli",cnbcindonesia,0
"Netizen Heboh, Jepang Ingin Prioritaskan Vaksin untuk Atlet",cnbcindonesia,0
"Grab Gelontorkan Rp 3,9 T untuk GrabForGood",cnbcindonesia,0
"Pulihkan Ekonomi, Shopee Hadirkan Pusat Vaksinasi di Bandung",cnbcindonesia,0
Dikorting! RI Cuma Dapat 20 Juta Vaksin AstraZeneca Tahun Ini,cnbcindonesia,1
Vaksinasi Covid-19 di Bali Terancam Terlambat 2 Bulan,cnbcindonesia,0
"Menkes Akui Laju Vaksinasi Covid Melambat, Ini Biang Keroknya",cnbcindonesia,0
Menkes Pamer RI Peringkat 8 Jawara Vaksinasi Covid Dunia,cnbcindonesia,0
"Simak, Ini Kabar Terbaru Vaksinasi AstraZeneca di Inggris",cnbcindonesia,0
"Di Spanyol, Vaksin Covid-19 AstraZeneca Cuma Buat Lansia",cnbcindonesia,0
"Pembekuan Darah Ramai Lagi, Ini Sikap WHO ke AstraZeneca",cnbcindonesia,0
Studi Chile: Suntikan Pertama Sinovac Tak Lindungi dari Covid,cnbcindonesia,0
Ahli Ini Kaitkan Vaksin AstraZeneca dengan Pembekuan Darah,cnbcindonesia,0
Awas Ribut! UE Blokir Ekspor Vaksin Covid ke Australia,cnbcindonesia,1
"India Embargo Vaksin, RI Kehilangan 10 Juta Vaksin Gratis",cnbcindonesia,0
Syarat Baru Perjalanan RI & Masa Berlaku PCR-Antigen-GeNose,cnbcindonesia,0
"AS Stop Produksi Vaksin AstraZeneca, Ini Kata Penasihat Biden",cnbcindonesia,0
Dapat Pesan Vaksin Covid Ini? Jangan Dibalas atau Dirampok!,cnbcindonesia,1
Berapa Lama Vaksin Covid-19 Lindungi Tubuh dari Virus Corona?,cnbcindonesia,0
"AS 'Buang' AstraZeneca, Ganti Pakai Vaksin Corona Ini",cnbcindonesia,0
"30 Orang Sakit Serius Usai Divaksin AstraZeneca, 7 Tewas",cnbcindonesia,0
"Usai Disuntik Vaksin Sputnik, Presiden Ini Positif Covid-19",cnbcindonesia,0
Vaksinasi Ampuh Pulihkan Pasien Long Covid? Cek Faktanya,cnbcindonesia,0
"Duh, 30 Orang Alami Pembekuan Darah Usai Divaksin Astrazeneca",cnbcindonesia,0
"5 Negara Ini Tangguhkan AstraZeneca untuk Non Lansia, RI?",cnbcindonesia,0
"Duh! Kasus Covid India Terus Meroket, Pasokan Vaksin Terancam",cnbcindonesia,1
Gokil! Vaksin Corona Ini Ampuh 100% Lawan Covid Afsel,cnbcindonesia,1
Inggris Laporkan 30 Kasus Pembekuan Darah Vaksin AstraZeneca,cnbcindonesia,0
Top Pfizer! Vaksin Covid 100% Manjur Lawan Varian Afsel,cnbcindonesia,1
Presiden Jerman Disuntik Vaksin Covid-19 AstraZeneca,cnbcindonesia,0
Nah Lho! Brasil Tolak Vaksin Covid-19 India,cnbcindonesia,1
"Vaksinasi Covid-19 RI Tahap 3 Mulai Juni, Molor?",cnbcindonesia,0
"Vaksin AstraZeneca Dilarang Digunakan di Kanada, Kenapa?",cnbcindonesia,0
WHO Bicara Profil Risiko 'Membebani' Vaksin AstraZeneca,cnbcindonesia,0
Riset Baru: Vaksin Pfizer Ampuh 100% Lawan Covid di Remaja,cnbcindonesia,0
"Israel Bentar Lagi 'Bebas' Covid-19, RI Masih Harus Sabar",cnbcindonesia,0
Duh! Mutasi Corona Bisa Bikin Vaksin Covid Tak Ampuh Lagi,cnbcindonesia,1
"Belajar Tatap Muka Segera Dimulai, Vaksin Covid Anak Tak Ada",cnbcindonesia,0
Persiapkan Hal Penting Ini Sebelum Disuntik Vaksin Covid-19,cnbcindonesia,0
"Sebelum Corona Pabrik Vaksin Ini Rugi, Kini Untung Banyak!",cnbcindonesia,1
Rumah Sakit Berlin Stop Vaksin Covid ke Wanita Dewasa,cnbcindonesia,0
Kabar Gembira! Vaksin Moderna Ampuh 96% Lawan Covid di Remaja,cnbcindonesia,1
"Presiden Brasil Sebut Covid Senjata Biologis, Sindir Siapa?",cnbcindonesia,0
Wah! Vaksin Pfizer Ampuh Lawan Mutasi Corona Inggris & Afsel,cnbcindonesia,1
"Pakar WHO Ragukan Vaksin Sinopharm China di Lansia, Kenapa?",cnbcindonesia,0
Kanada Laporkan Kematian Kedua Terkait Vaksin AstraZeneca,cnbcindonesia,0
Perbedaan Vaksin Sinovac dengan AstraZeneca,cnbcindonesia,0
Menkes: Vaksin Sinovac 98% Ampuh Mencegah Kematian Covid,cnbcindonesia,0
"Bisa untuk Lansia, Vaksin AstraZeneca Diprediksi Tiba di RI Kuartal I 2021",detikHealth,0
"Vaksin Novavax Diklaim 89,3% Efektif Lawan Varian Baru COVID-19",detikHealth,0
"Menkes Blak-blakan Vaksinasi, Indonesia Lebih Baik dari Malaysia",detikHealth,0
WHO Kritik Kebijakan Uni Eropa yang Mengontrol Ekspor Vaksin COVID-19,detikHealth,0
"Pemprov Jabar Usul Vaksinasi COVID-19 Door to Door, Ini Respons Kemenkes",detikHealth,0
WHO Targetkan Seluruh Nakes dan Lansia Divaksinasi COVID-19 Awal 2021,detikHealth,0
Dokter Ungkap Alasan Mau Divaksin Meski Tak Dijamin Akan Kebal COVID-19,detikHealth,0
"Waspadai Titik Lengah Penularan COVID-19, Ini Cara Menghindarinya",detikHealth,0
"Target Vaksinasi COVID-19 RI 181,5 Juta Orang, Begini Tahapannya",detikHealth,0
Vaksin COVID-19 Produksi Bio Farma Siap Edar Minggu Kedua Februari 2021,detikHealth,0
Vaksin Dosis Tunggal Johnson & Johnson 66 Persen Efektif Lawan COVID-19!,detikHealth,1
"BPOM Sebut Vaksin Sinovac Tak Bisa Dipalsukan, Ini Alasannya",detikHealth,0
"Jadi Kendala Vaksinasi COVID-19, Banyak Keluhan Nakes Malah Tak Terdaftar",detikHealth,0
"Vaksin Novavax yang 89,3 Efektif Diuji Juga di Afsel, Ini Hasilnya",detikHealth,0
"Vaksin Corona Novavax 89,3 Persen Efektif Lawan COVID-19",detikHealth,0
Presiden Tanzania Sebut Vaksin Malah Bikin Orang Terinfeksi 'Corona Aneh',detikHealth,0
Satgas COVID-19 Klaten Laporkan Keluhan Gembreges-Nyeri Lokal Usai Vaksin,detikHealth,0
Kemenkes Targetkan Vaksinasi COVID-19 Rampung Tahun Ini,detikHealth,0
"Relawan Uji Vaksin Sinopharm Meninggal, Dipastikan Dapat Suntikan Plasebo",detikHealth,0
Ilmuwan Disarankan Upgrade Vaksin untuk Hadapi Varian Baru Corona,detikHealth,0
Menkes: Antibodi Terbentuk 2-3 Minggu Setelah Vaksin COVID-19,detikHealth,0
Raffi Ahmad Ungkap Rasanya Vaksin Corona Dosis Kedua: Kayak Digigit Semut,detikHealth,0
Jokowi Perkirakan Vaksin Corona untuk Umum Dimulai Pertengahan Februari,detikHealth,0
Menkes Disuntik Vaksin Dosis Kedua: Rasanya Jadi Pengen Makan Banyak,detikHealth,0
"Dokter Kepresidenan Tegaskan Jokowi Disuntik Sinovac, Bukan Vaksin Lain",detikHealth,0
"Cakupan Vaksinasi COVID-19 Nakes Masih Rendah, Ini Pesan Jokowi",detikHealth,0
"Jokowi Usai Divaksin Corona Dosis Kedua: Sama Seperti 2 Minggu Lalu, Nggak Terasa",detikHealth,0
Cerita Penerima Dosis Vaksin Corona Kedua: Merasa Lebih 'Kebal' COVID-19,detikHealth,0
Moderna Yakini Vaksin Buatannya Manjur pada Varian Baru Virus Corona,detikHealth,0
Vaksinasi Covid-19 Perdana di Mesir Dimulai,detikHealth,0
Arti Penyintas COVID-19 dan Komunitas Pendonor Plasma Konvalesen,detikHealth,0
"Dinkes Sleman Pantau KIPI Vaksin COVID-19, Pegal hingga Gatal-Bengkak",detikHealth,0
"Vaksin Corona Tak Terbukti Picu Kematian, Tetap Disarankan untuk Lansia",detikHealth,0
"China Temukan Jejak Corona di Area Vaksinasi, Diduga Berkaitan dengan Vaksin",detikHealth,0
Ahli Yakin Belum Ada Kematian Berkaitan Langsung dengan Vaksin Corona,detikHealth,0
Menkes Kaget Banyak Nakes Batal Divaksin COVID-19 karena Darah Tinggi,detikHealth,0
"Indonesia Mulai Vaksinasi COVID-19, Menkes: Malaysia Ngomel Belum Dapat",detikHealth,0
Lima Terobosan Menkes Tangani Covid dan Program Vaksinasi,detikHealth,0
"Promosi Ramuan Herbal Tangkal Corona, Menkes Sri Lanka Positif COVID-19",detikHealth,0
Dokter Palembang Meninggal Usai Vaksin Diduga karena Sakit Jantung,detikHealth,0
"Viral Dokter Wafat Usai Divaksin Corona, Kemenkes: Tak Ada Laporan KIPI",detikHealth,0
"Tim Riset: Pasca 3 Bulan Suntik, Antibodi Vaksin Sinovac Masih di Atas 90 Persen",detikHealth,0
Kondisi Terkini 7 Relawan Vaksin Sinovac Bandung yang Positif COVID-19,detikHealth,0
"Banyak Kasus Positif COVID-19 Usai Divaksin, Pakar Jelaskan Penyebabnya",detikHealth,0
"Banyak Keluhan Ngantuk Usai Vaksin COVID-19, Ini Penjelasan Tim Riset",detikHealth,0
"Kemenkes Sebut 27 Ribu Tenaga Kesehatan Belum Divaksin, Ini Alasannya",detikHealth,0
"Hanya 70% Masyarakat Indonesia Akan Divaksinasi, Ini Penjelasannya",detikHealth,0
"Vaksin Sinovac Berisi Virus Mati, Bukan Penyebab COVID-19 Bupati Sleman",detikHealth,0
Kemenkes: Sangat Mungkin Bupati Sleman Divaksin COVID-19 Saat Masa Inkubasi,detikHealth,0
Bio Farma Olah 4 Juta Dosis Vaksin dari Bulk Sinovac,detikHealth,0
Ketua Komnas KIPI Jelaskan Alasan Mengapa Kita Perlu Divaksin COVID-19,detikHealth,0
"Kemenkes: 132 Ribu Lebih Nakes Sudah Divaksin COVID-19, 20.154 Berhalangan",detikHealth,0
Dinkes Sleman: Bupati Positif Bukan karena Divaksin COVID-19,detikHealth,0
Penjelasan Kemenkes Soal Bupati Sleman Kena COVID-19 Usai Divaksinasi,detikHealth,0
"Syarat Divaksin COVID-19, Ini Orang-orang yang Sebaiknya Tidak Disuntik",detikHealth,0
"Ada Kasus Reinfeksi, IDI Berharap Nakes Penyintas COVID-19 Bisa Dapat Vaksin",detikHealth,0
Uni Emirat Arab Terbitkan Izin Vaksin COVID-19 Sputnik V Buatan Rusia,detikHealth,0
Ilmuwan Oxford Siapkan Vaksin COVID-19 Versi Baru untuk Atasi Mutasi Corona,detikHealth,0
"Mengenal Kelompok Vaksin Sensitif Panas, Bedanya dengan Sensitif Beku",detikHealth,0
Daftar Vaksin Corona yang Dipercepat dapat Lampu Hijau WHO Termasuk Sinovac,detikHealth,0
Cerita Penerima Vaksin Corona Moderna yang Alami Reaksi Alergi Usai Divaksin,detikHealth,0
Airlangga: Jenis Vaksin Corona Opsi Mandiri Diusahakan Beda dengan yang Gratis,detikHealth,0
Chili Setujui Penggunaan Darurat Vaksin Corona Sinovac,detikHealth,0
"Viral Anjuran Minum Air Kelapa untuk Netralkan Vaksin COVID-19, Ini Faktanya",detikHealth,0
WHO Sarankan Orang yang Pernah Terinfeksi COVID-19 Tetap Dapat Vaksin,detikHealth,0
"Bertambah Lagi, Kini Chili Setujui Penggunaan Darurat Vaksin Corona Sinovac",detikHealth,0
"Dokter Ini Ungkap Reaksi Usai Divaksin COVID-19: Pegal, Lapar, dan Ngantuk",detikHealth,0
Perbandingan Efek Samping Berbagai Jenis Vaksin COVID-19,detikHealth,0
"13 Orang Dilaporkan Lumpuh Wajah Usai Vaksinasi COVID-19, Ini Faktanya",detikHealth,0
Penjelasan KIPI Terkait Kemungkinan Reaksi Serius Pasca Vaksinasi Corona,detikHealth,0
"Satu Orang Pingsan Usai Vaksin COVID-19 di Jateng, Ganjar Pastikan Tak Bahaya",detikHealth,0
Komnas KIPI: Tak Semua Kejadian Pasca-Imunisasi Terkait Vaksin,detikHealth,0
"Viral Netizen Bandingkan Dexamethasone Vs Vaksin COVID-19, Ini Faktanya",detikHealth,0
"Ada 28 Laporan Efek Samping Vaksin Corona di Indonesia, Ini Kata Komnas KIPI",detikHealth,0
Moderna Kaji Kemungkinan Muncul Alergi Usai Disuntik Vaksin Corona Buatannya,detikHealth,0
"Selain Indonesia, Ini 4 Negara yang Pilih Pakai Vaksin Corona dari China",detikHealth,0
Sedihnya Negara Ini Hanya Kebagian 25 Dosis Vaksin COVID-19,detikHealth,0
"Makin Banyak Varian Corona Baru, WHO: Lakukan Vaksinasi Secepatnya!",detikHealth,1
"Soal Vaksin Mandiri, Ini Prinsip Dasar yang Harus Dipatuhi",detikHealth,0
Ahli Pastikan Varian Baru Corona Afsel 50 Persen Lebih Menular!,detikHealth,1
"Penerima Vaksin Corona Tetap Bisa Tularkan COVID-19, Ini Alasannya",detikHealth,0
"Bukan 14 Hari, Sinovac Ungkap Waktu Terbaik Berikan Dosis Kedua Vaksin Corona",detikHealth,0
Tanggapan Satgas COVID-19 soal Viral Vaksinasi Jokowi Disebut Gagal,detikHealth,0
"Mengenal KIPI Vaksin Sinovac, Kejadian Medis yang Terjadi Usai Divaksin",detikHealth,0
"Viral Vaksinasi Jokowi Disebut Gagal dan Harus Diulang, Ini Kata Satgas IDI",detikHealth,0
"Nilai Akses Vaksin Tak Merata, WHO: Dunia di Ambang Kegagalan Moral",detikHealth,0
"Deretan Lansia Penerima Vaksin COVID-19, Nenek 108 Tahun hingga Joe Biden",detikHealth,0
Nenek 108 Tahun Penyintas COVID-19 Dapat Vaksin Pfizer di Italia,detikHealth,0
Kata Dokter Soal Rasanya Disuntik Vaksin Corona: Pegel!,detikHealth,1
WHO Tak Rekomendasikan Paspor Vaksin Covid-19,detikHealth,0
"Pakar: Meski Ada Vaksin Corona, Tetap Harus Pakai Masker 4 Tahun",detikHealth,0
Ahli Geriatri UI Jelaskan Kematian Lansia di Norwegia Usai Vaksin Pfizer,detikHealth,0
BPOM RI Masih Kaji Informasi Dokter 77 Tahun Disuntik Vaksin Sinovac,detikHealth,0
Norwegia: Kematian 33 Lansia Tak Terkait Langsung Vaksin Pfizer,detikHealth,0
MUI Tak Bakal Terbitkan Fatwa Wajib Vaksinasi COVID-19,detikHealth,0
Catat! Ini Dosis Vaksin Sinovac yang Mulai Disuntikkan di Indonesia,detikHealth,1
Polemik Vaksinasi yang Dibayang-bayangi Kematian,detikHealth,0
WHO Tidak Sarankan Bukti Vaksinasi Jadi Syarat Bebas Bepergian,detikHealth,0
Pendistribusian Vaksin Sinovac Dilengkapi Barcode Hingga GPS,detikHealth,0
Perbedaan Vaksin Sinovac dan Vaksin Pfizer,detikHealth,0
Begini Cara Penyimpanan Vaksin Sinovac,detikHealth,0
BPOM: Tak Semua Vaksin Corona Harus Uji Klinis Lagi di Indonesia,detikHealth,0
"Penting! 6 Cara Registrasi Vaksinasi COVID-19, Termasuk Via WhatsApp",detikHealth,1
Catat! Kriteria Orang yang Belum Boleh Disuntik Vaksin COVID-19,detikHealth,1
Alasan BPOM Belum Izinkan Pemberian Vaksin Sinovac ke Lansia,detikHealth,0
Terpopuler Sepekan: Catat 16 Kriteria yang Tak Boleh Divaksin Corona!,detikHealth,1
"Viral Gambar Saya Siap Divaksin, Template Bisa Cari di Sini",detikHealth,0
"Pengalaman Disuntik Vaksin Corona Sinovac, Ternyata Begini Rasanya",detikHealth,0
Keluarga Jokowi Disebut Tak Masuk Prioritas Vaksin COVID-19,detikHealth,0
Jubir Vaksin IDI: Perlu Lebih dari 2 Tahun untuk Capai Herd Immunity,detikHealth,0
"Indonesia Hattrick Rekor Corona, Waspadai Titik Lengah Penularan!",detikHealth,1
"Menkes Pertimbangkan Jalur Vaksin COVID-19 Mandiri, Ini Pendapat Pakar",detikHealth,0
Mak Jleb! Sindiran Viral untuk Penolak Vaksin Ini Bikin Ngakak,detikHealth,1
BPOM RI Jamin Vaksin Masih Efektif untuk Varian Baru Virus Corona,detikHealth,0
"Tetap Pakai Masker! Jangan Terlena Vaksin Corona, Masih Ada TBC",detikHealth,1
Kata Kemenkes Soal Kontraindikasi Vaksin Corona Sinovac,detikHealth,0
Israel Tolak Saran WHO Berbagi Vaksin Corona dengan Palestina,detikHealth,0
"Heboh Spekulasi Vaksin Jokowi Berbeda, Ini Faktanya",detikHealth,0
Laporan BPOM soal Efek Samping Penyuntikan Vaksin Corona,detikHealth,0
"Lagi-lagi Peneliti Temukan Varian Baru Corona, Kini dari AS",detikHealth,0
"Banyak Permintaan, Menkes Pertimbangkan Buka Jalur Vaksin Mandiri",detikHealth,0
Kepala BPOM: Vaksin Sinovac Berikan Kekebalan COVID-19 Sampai 23 Kali Lipat,detikHealth,0
"Ingat Tiga Jurus Tangkal Corona: Iman, Aman dan Imun",detikHealth,0
"Jadi Co-Chair COVAX, Menlu Sebut Vaksin Corona Gratis Siap di Kuartal-I 2021",detikHealth,0
dr Tirta Tak Setuju Penerapan Denda untuk Penolak Vaksin Covid-19,detikHealth,0
"Tak Ragu Disuntik Vaksin Sinovac, dr Tirta: Sudah Terjamin Uji Klinis",detikHealth,0
"Bukan di Istana, Ini Alasan dr Tirta Pilih Vaksin COVID-19 di Puskesmas",detikHealth,0
Wamenkes Tegaskan Vaksinasi COVID-19 Gratis,detikHealth,0
"Cerita Nakes di Bandung, Langsung Kerja Lagi Usai Vaksin COVID-19",detikHealth,0
Daftar Lengkap yang Tidak Boleh Disuntik Vaksin Corona,detikHealth,0
Dinkes Jateng Terima 2 Laporan Pegal-Nggeliyer Usai Vaksinasi COVID-19,detikHealth,0
"Usai Vaksinasi COVID-19, Wamenkes: Tidak Ada Rasa Apa-apa",detikHealth,0
"dr Tirta Tak Setuju Penolak Vaksin Dijatuhi Sanksi, Mending Diedukasi",detikHealth,0
Wamenkes Jelaskan Alasan Pasien COVID-19 Tak Dapat Jatah Vaksin,detikHealth,0
"18 Tahun ke Atas Jadi Prioritas, Ini Batas Usia Vaksin COVID-19",detikHealth,0
Momen Wamenkes Disuntik Vaksin COVID-19 Bersama Para Nakes,detikHealth,0
"Kemenkes: Kena Efek Samping Vaksin COVID-19, Biaya Ditanggung Pemerintah!",detikHealth,1
Wamenkes Minta Masyarakat Tetap Patuhi 4M Meski Sudah Divaksin,detikHealth,0
"Drama Vaksin COVID-19, Profesor-Perawat Sama-sama Grogi Suntik Presiden",detikHealth,0
4 Negara Pemakai Vaksin Sinovac Buatan China,detikHealth,0
"Disuntik di Abu Dhabi, WNI Ungkap Efek Samping Vaksin COVID-19",detikHealth,0
Alasan Sleman Pilih dr Tirta Jadi Penerima Vaksin COVID-19 Pertama,detikHealth,0
Ayat Alquran tentang Wabah Penyakit dan Cara Menghadapinya,detikHealth,0
Menkes Budi Mengaku Tambah Ngantuk Usai Divaksin,detikHealth,0
"5 Kepala Negara yang Sudah Divaksin Corona Selain Jokowi, Raja Salman Termasuk",detikHealth,0
"Menlu Retno Jadi Co Chair COVAX, Indonesia Ikut Pimpin Gabungan Vaksin COVID-19",detikHealth,0
"Tak Cuma Jokowi, Ini Daftar Penerima Vaksin Pertama",detikHealth,0
Ketua IDI: Vaksinasi Kurangi Angka Gugurnya Dokter dan Nakes,detikHealth,0
"Penyuntikan Sudah Dimulai, Ini Deretan Efek Samping Vaksin COVID-19",detikHealth,0
"Tak Ikut Suntik di Istana, dr Tirta Divaksin di Sleman 14 Januari",detikHealth,0
"Bukan Vitamin, Ini Lho Vaksin COVID-19 yang Diterima Jokowi Hari Ini",detikHealth,0
"Ditanya Gejala Sebelum Vaksin, Jokowi: Batuk Kecil Saja",detikHealth,0
"Profil Abdul Muthalib, Dokter Kepresidenan yang Memvaksin Jokowi",detikHealth,0
"Terima Vaksin Perdana di Istana, Kepala BPOM Disuntik di Ruangan Khusus",detikHealth,0
Momen Dokter Kepresidenan Gemetar Saat Menyuntik Jokowi,detikHealth,0
Komentar Jokowi Usai Terima Vaksin COVID-19: Nggak Terasa Sama Sekali,detikHealth,0
"Vaksinasi COVID-19 Indonesia Dimulai Hari Ini, Menkes Juga Disuntik",detikHealth,0
"Vaksinasi Mulai Hari Ini, Catat 2 Cara Pengecekan Penerima Vaksin Corona",detikHealth,0
Satgas: Vaksin Diprioritaskan Bagi Warga yang Belum Terpapar Corona,detikHealth,0
"Dikawal Ketat, 15 Juta 'Bulk' Vaksin Sinovac Tiba di Bandung",detikHealth,0
Bio Farma Sebut Pfizer Ogah Dituntut Bila Vaksin Corona Buatannya Bermasalah,detikHealth,0
Komentar Pakar UGM soal MUI Tetapkan Vaksin Corona Sinovac Halal,detikHealth,0
Thailand Siap-siap Vaksinasi COVID-19 Pakai Sinovac,detikHealth,0
"14 Provinsi Jadi Prioritas Penerima Vaksin COVID-19, Ini Daftarnya",detikHealth,0
"Menkes: Lansia Divaksin COVID-19 Maret-April, Umum Akhir April",detikHealth,0
"Efikasi 94 Persen, Vaksin Corona Moderna Diklaim Bikin Kebal COVID-19 Setahun",detikHealth,0
Tips agar Lancar Jalani Vaksinasi COVID-19,detikHealth,0
"EUA Terbit, Ini Jadwal dan Penerima Vaksin COVID-19 di Indonesia",detikHealth,0
"Perlu Tahu, Ini 4 Tahap Penyuntikan Vaksin COVID-19",detikHealth,0
Yang Tak Boleh Divaksinasi Corona Berdasarkan SK Dirjen P2P Kemenkes,detikHealth,0
"Sinovac Dapat EUA BPOM, IDI: Hentikan Polemik dan Dukung Vaksinasi",detikHealth,0
"BPOM Sebut Efikasi Vaksin Sinovac 65,3 Persen, Ini Artinya",detikHealth,0
"Efikasi 65,3 Persen Masih Data Interim, Vaksin Sinovac Tetap Akan Dipantau",detikHealth,0
"Vaksin COVID-19 Kantongi Izin dan Fatwa Halal, IDI: Hentikan Polemik!",detikHealth,1
"BPOM: Efikasi Vaksin Sinovac 65,3% dan Efek Samping Ringan-Sedang",detikHealth,0
BPOM Jelaskan Efek Samping Vaksin Sinovac yang Sudah Kantongi Izin EUA,detikHealth,0
"Efikasi Vaksin COVID-19 Sinovac 65,3 Persen, BPOM: Sesuai Standar WHO",detikHealth,0
"Sah! BPOM Beri Izin Vaksin COVID-19 Sinovac, Eficacy 65,3 Persen",detikHealth,1
Menkes: Vaksin dari GAVI-COVAX untuk Kelompok Usia di Atas 60 Tahun,detikHealth,0
"Ingatkan Keadilan, WHO Ingin Negara Kaya Setop Memborong Vaksin COVID-19",detikHealth,0
Raja Salman Divaksin COVID-19 Buatan Pfizer-BioNTech,detikHealth,0
Ini Daftar Vaksin Corona yang Dibeli Indonesia,detikHealth,0
"Tak Langsung Kebal, Butuh Waktu Bangun Antibodi Setelah Suntik Vaksin COVID-19",detikHealth,0
Melihat Alur Pelayanan Vaksinasi Covid-19 di RI,detikHealth,0
Sudah Divaksin Bukan Berarti Tak Bisa Terinfeksi COVID-19,detikHealth,0
Terpopuler Sepekan: Ingat! Jangan Langsung Pulang Usai Disuntik Vaksin Corona,detikHealth,1
Menkes Singgung Kepercayaan Vaksin Corona di Masyarakat,detikHealth,0
Menkes Tak Desak BPOM untuk Segera Keluarkan EUA Vaksin Corona Sinovac,detikHealth,0
"Pasien Jantung Tak Disarankan Suntik Vaksin COVID-19, Ini Alasannya",detikHealth,0
Jadwal Vaksinasi COVID-19 di Indonesia,detikHealth,0
"Daftar Petinggi Negara yang Sudah Vaksin COVID-19, Joe Biden hingga Raja Salman",detikHealth,0
"Akhirnya, MUI Pastikan Vaksin Corona Sinovac Suci dan Halal",detikHealth,0
Jubir Kemenkes Bicara soal Denda Tolak Vaksin Corona,detikHealth,0
BPOM Pastikan Vaksin Corona Sinovac Tidak Mengandung Bahan Non-Halal,detikHealth,0
BPOM Pastikan Izin Darurat Vaksin Sinovac Bisa Keluar Sebelum 13 Januari,detikHealth,0
"Beredar Daftar Artis Penerima Vaksin Pertama, Ini Kata Jubir Vaksinasi",detikHealth,0
Syarat Dapat E-Tiket Vaksinasi Covid-19,detikHealth,0
Vaksin Corona Pfizer Disebut Efektif Lawan Varian Baru Corona,detikHealth,0
"Sederet Manfaat Vaksin COVID-19, Salah Satunya Menciptakan Antibodi",detikHealth,0
Kabar Terbaru Fatwa MUI Tentang Vaksin Corona Sinovac,detikHealth,0
CEO Moderna Sebut Vaksinnya Kemungkinan Efektif Hingga 2 Tahun,detikHealth,0
"Hasil Akhir Uji Vaksin Sinovac 78 Persen Efektif, 100 Persen Cegah Kasus Berat",detikHealth,0
Kemenkes Imbau Calon Penerima Vaksin Corona Jujur saat Skrining,detikHealth,0
"5 Hal yang Bisa Memperbesar Mr P, Vaksin Tak Termasuk",detikHealth,0
"Soal Reaksi Alergi Parah Pasca Vaksinasi COVID-19, CDC: Sangat Jarang",detikHealth,0
"Kantongi Restu BPOM, Bio Farma Siap Produksi 100 Juta Vaksin Tahap Pertama",detikHealth,0
Beda 7 Jenis Vaksin COVID-19 yang Akan Dipakai di Indonesia,detikHealth,0
WNI di UEA Ceritakan Pengalaman Dapat Vaksin COVID-19 Dosis Kedua,detikHealth,0
Ini Jadwal Vaksinasi COVID-19 2021 di Indonesia,detikHealth,0
Alasan Wapres Ma'ruf Amin Belum Akan Disuntik Vaksin COVID-19,detikHealth,0
Ahli Virologi Duga Varian Baru Corona di Negara Ini Picu Gejala COVID-19 Berat,detikHealth,0
"Jelang Vaksinasi COVID-19, Menkes Ingatkan Puskesmas yang Tak Punya Kulkas",detikHealth,0
"Termasuk Ma'ruf Amin, Ini Kriteria Orang yang Belum Bisa Terima Vaksin Sinovac",detikHealth,0
Daftar 7 Vaksin COVID-19 yang Beredar di Indonesia,detikHealth,0
"Wapres Ma'ruf Amin Tak Disuntik Vaksin Corona Sinovac, Ini Alasannya",detikHealth,0
China Pastikan Vaksinnya Efektif Melawan Varian Corona yang Baru,detikHealth,0
7.450 Lansia di Banjarmasin Jalani Vaksinasi Covid-19,Kompas,0
"2.500 Anggota Polda Bali Terima Vaksin Covid-19, Kapolda: Tetap Patuhi Protokol Kesehatan",Kompas,0
"Soal Vaksinasi Mandiri, IDI Minta Pemerintah Perhatikan Pekerja yang Bukan Karyawan",Kompas,0
Ratusan Pedagang Pasar Depok dan Harjodaksino Solo Divaksin Covid-19 Besok,Kompas,0
FDA Resmi Setujui Penggunaan Vaksin Covid-19 Johnson & Johnson Dosis Tunggal,Kompas,0
UPDATE 28 Februari: 1.691.724 Orang Telah Terima Vaksin Covid-19 Dosis Pertama,Kompas,0
16.909 Guru dan Tenaga Kependidikan di DIY Bakal Divaksin Covid-19 Tahap 2,Kompas,0
"Cerita Lansia Divaksin Covid-19, Sempat Gemetaran, Akhirnya Senang",Kompas,0
Epidemiolog Khawatir Narasi Vaksinasi Gotong Royong Membuat Pemerintah Abaikan 3T,Kompas,0
UPDATE 27 Februari: 1.616.165 Tenaga Kesehatan Disuntik Vaksin Covid-19 Dosis Pertama,Kompas,0
Kemenkes Imbau Perusahaan Perhatikan Kesehatan Karyawan Sebelum Disuntik Vaksin Covid-19,Kompas,0
"Sudah Divaksin, Bupati dan Wakil Bupati Ciamis Tetap Terpapar Covid-19",Kompas,0
Kemenkes Beri 6 Tips Sebelum Disuntik Vaksin Covid-19,Kompas,0
"Vaksin Covid-19 Picu Efek Samping Mirip Kanker Payudara, Berbahayakah?",Kompas,0
20 Lansia Telah Divasin Covid-19 di RS Pratama Kota Yogyakarta,Kompas,0
Pimpinan Komisi IX Minta Pendataan Vaksinasi Gotong Royong Dibuat Detail,Kompas,0
Kemenkes: Vaksinasi Gotong Royong Gratis untuk Karyawan dan Keluarga ,Kompas,0
Wapres: Bendera Merah Putih Berkibar di Luar Negeri Hanya karena 2 Hal,Kompas,0
"Vaksin Covid-19 Bisa Sebabkan ""Covid Arm"", Apakah Berbahaya?",Kompas,0
Pedagang Pasar Gede dan Klewer Solo Bakal Divaksin Covid-19 Lusa,Kompas,0
Begini Upaya Pemkab Wonogiri Bujuk Warga Lansia agar Mau Divaksin Covid-19,Kompas,0
Wapres: Indonesia Berkomitmen Bantu Negara yang Butuh Vaksin Covid-19,Kompas,0
"UPDATE 25 Februari: 853.745 Tenaga Kesehatan Sudah Divaksinasi Dosis Kedua, 1.461.920 Dosis Pertama",Kompas,0
"39 Tahanan KPK Telah Divaksin, Termasuk Edhy Prabowo dan Juliari Batubara",Kompas,0
Pedagang Pasar hingga Sopir Bus Jadi Sasaran Vaksin Covid-19 di Banyumas,Kompas,0
Puluhan Wartawan di Banyumas Disuntik Vaksin Covid-19,Kompas,0
Sampai Kapan Tetap Harus Disiplin Protokol Kesehatan meski Sudah Divaksin?,Kompas,0
"Jangan Minum Obat Pereda Nyeri Sebelum Divaksin Covid-19, Begini Penjelasan Ahli",Kompas,0
Amankah Vaksin Covid-19 untuk Pasien Kanker?,Kompas,0
Pemerintah Diminta Beri Penjelasan Lengkap soal Dampak Vaksin Covid-19 bagi Penyandang Disabilitas,Kompas,0
Wapres Nilai Kelompok Anti-vaksin Covid-19 Sudah Berkurang,Kompas,0
Pemilik Kondisi Kesehatan Khusus Ini Disebut Dapat Menerima Vaksin Covid-19,Kompas,0
IPB Siap Bantu Uji Praklinis Vaksin Covid-19 Merah Putih,Kompas,0
Vaksinasi Covid-19 Tahap Dua Temanggung Sasar Guru hingga Sopir Angkutan Umum,Kompas,0
"Antusias Warga Lansia Ikuti Vaksinasi Covid-19 Tinggi, Ini yang Disiapkan Dinkes Solo",Kompas,0
"Sempat Dua Kali Divaksin Covid-19, Direktur STIK Tamalatea Makassar Meninggal, Ini Penjelasan RS",Kompas,0
"Satgas Covid-19 DPR Inspeksi Kantor BPOM, Pastikan Proses Pemantauan dan Pengujian Vaksin Covid-19",Kompas,0
8.780 Vial Vaksin Covid-19 untuk Lansia dan Petugas Pelayanan Publik Tiba di Kalbar,Kompas,0
"Cerita Lansia di Surabaya Setelah Disuntik Vaksin Covid-19: Saya Lega, Lebih Tenang...",Kompas,0
"Tak Sabar Ingin Divaksin, Gubernur Banten: Supaya Bisa Leluasa ke Mana-mana",Kompas,0
"100.000 Lansia Akan Divaksin Covid-19, Penerima Dites Naiki 10 Anak Tangga  ",Kompas,0
Belum Ada Jatah Vaksin Covid-19 untuk Lansia di Blora,Kompas,0
"Indonesia Masuki Tahap Kedua Vaksinasi Covid-19, Ini Syarat Penerima Vaksin",Kompas,0
"Sering Bertemu Banyak Orang, 98 Kiai di Jawa Timur Disuntik Vaksin Covid-19",Kompas,0
"Studi Inggris pada Vaksin Pfizer, 1 Dosis Kurangi Risiko Infeksi Corona 75 Persen",Kompas,0
"UPDATE 23 Februari: 789.966 Tenaga Kesehatan Disuntik Vaksin Dosis Kedua, 1.269.905 Dosis Pertama",Kompas,0
"Pendaftaran Vaksinasi Covid-19 Lansia di Denpasar Dimulai, Hanya Bisa Secara Online",Kompas,0
Jokowi: Indonesia Beruntung Telah Amankan Pasokan Vaksin Covid-19 ,Kompas,0
Vaksinasi Covid-19 untuk Lansia di Kalsel Baru Dimulai pada Maret 2021,Kompas,0
"Vaksinasi Covid-19 untuk Lansia di Surabaya Dimulai, Ini Jadwal dan Tahapannya...",Kompas,0
Komnas KIPI: 5 dari 10.000 Kejadian Ikutan Pasca-imunisasi Masuk Kategori Sedang ,Kompas,0
"Vaksin Covid-19 Tahap 2 Diprioritaskan untuk Lansia, Sultan: Saya Ikut",Kompas,0
[POPULER SAINS] Keamanan Vaksin Covid-19 Lansia | Gejala Long Covid Bertahan 9 Bulan,Kompas,0
Menkes Targetkan Pedagang Pasar Beringharjo Yogyakarta Disuntik Vaksin Covid-19 1 Maret,Kompas,0
"Kisah Lansia yang Dapat Vaksin Covid-19, Bagaimana Keamanannya?",Kompas,0
"Dimulai Besok, Solo Terima 70.000 Dosis Vaksin Covid-19 Tahap Dua",Kompas,0
"Vaksinasi Covid-19 Tahap Dua Dimulai Besok, Grobogan Dapat Jatah 12.000 Dosis",Kompas,0
Ganjar Minta Kepala Daerah di Jateng Kawal Percepatan Vaksinasi Covid-19,Kompas,0
Kemenkes: Efek Samping Disuntik Vaksin Covid-19 Nyeri dan Gatal-gatal,Kompas,0
"Vaksinasi Covid-19 Tahap 2 di Banyumas Digelar Besok, Ini Sasarannya",Kompas,0
"Fakta-fakta Perawat RSUD Blitar Meninggal karena Covid-19, Sempat Disuntik Vaksin, Riwayat ke Luar Kota",Kompas,0
"Vaksinasi Gelombang II Dimulai, Ganjar Targetkan 1.000 Orang Divaksin Setiap Hari",Kompas,0
Pfizer Janjikan Vaksin Covid-19 mRNA Bisa Disimpan pada Suhu Tinggi,Kompas,0
Survei Indikator Politik: Hanya 55 Persen Masyarakat yang Bersedia Divaksin,Kompas,0
"Vaksinasi Covid-19 Tahap Dua, Pedagang Malioboro hingga Beringharjo Akan Disuntik Vaksin",Kompas,0
"Pasien Diabetes Boleh Divaksin Covid-19, Asalkanï¿½",Kompas,0
UPDATE: 736.710 Tenaga Kesehatan Terima Vaksin Covid-19 Dosis Kedua,Kompas,0
TNI Kerahkan 20 Penyuntik Vaksin Covid-19 untuk Pedagang Pasar Tanah Abang,Kompas,0
Jokowi: Jumlah Ketersediaan Vaksin Baru Mulai Memadai Pertengahan Tahun,Kompas,0
"Soal Vaksinasi Mandiri, Menkes Ingatkan 4 Prinsip: Vaksin Gratis hingga Bukan untuk Bisnis",Kompas,0
Jokowi: Vaksin yang Ada di Dunia Ini Menjadi Rebutan 215 Negara,Kompas,0
Warga Riau Penolak Vaksin Covid-19 Pengurusan KTP dan SIM-nya Bisa Ditunda,Kompas,0
7 Juta Dosis Vaksin Covid-19 untuk Lansia di Ibu Kota Provinsi,Kompas,0
"Vaksin Covid-19 Anhui Diuji Klinis, Butuh 4.000 Relawan, Lansia Boleh Daftar",Kompas,0
"UPDATE 19 Februari: 668.914 Nakes Sudah Divaksinasi Dosis Kedua, 1.191.031 Dosis Pertama",Kompas,0
"Suntikan Pertama Vaksin Pfizer di Israel 85 Persen Efektif, Studi Jelaskan",Kompas,0
"Reinfeksi Bisa Dialami Penyintas dan Penerima Vaksin Covid-19, Ini Penjelasannya",Kompas,0
"Survei CSIS: 59,5 Persen Warga DKI Percaya Vaksin Covid-19, DIY 69,9 Persen",Kompas,0
"Satgas: Warga Masih Patuh Vaksinasi Covid-19, Sanksi Belum Diperlukan",Kompas,0
"Survei CSIS: 63,6 Persen Gen Z Jakarta Tak Percaya Kemanjuran Vaksin Covid-19",Kompas,0
"Jika Mutasi Virus Corona Makin Ganas, Vaksin Covid-19 Perlu Direvisi",Kompas,0
KPCPEN: Merek Vaksin Mandiri Tidak Sama dengan Vaksin Gratis oleh Pemerintah,Kompas,0
"Per 1 Maret, Pelayan Publik hingga Pedagang di Banten Mulai Divaksin Covid-19",Kompas,0
"Gara-gara Baca Berita Hoaks, Warga Takut Divaksin Covid-19, Lalu Sembunyi di Hutan",Kompas,0
"Warga 1 Dusun Ketakutan Disuntik Vaksin dan Sembunyi di Hutan, Polisi: Akibat Kabar Hoaks",Kompas,0
"Wapres Jadi Pelopor Kelompok Umum, Vaksinasi Covid-19 Lansia Dimulai...",Kompas,0
Cerita Warga Satu Dusun di Alor Sembunyi di Hutan karena Takut Disuntik Vaksin Covid-19,Kompas,0
"Warga 1 Dusun Bersembunyi di Hutan karena Takut Disuntik Vaksin Covid-19, Ini Penyebabnya",Kompas,0
"Menkes: Setelah Vaksinasi, Kasus Covid-19 Tenaga Kesehatan Menurun",Kompas,0
"Takut Disuntik Vaksin Covid-19, Warga Satu Dusun Bersembunyi di Hutan",Kompas,0
Kemenkes: 18 Juta Dosis Vaksin Covid-19 Akan Distribusikan untuk Vaksinasi Tahap Dua,Kompas,0
Apakah Pasien Kanker Bisa Mendapat Vaksin Covid-19? Ahli Jelaskan,Kompas,0
"Suntik Vaksin Covid-19 ke Wapres, Dokter Kepresidenan Mengaku Agak Grogi",Kompas,0
"Vaksinasi Tahap Dua: 7,5 Juta Dosis Vaksin Segera Didistribusikan",Kompas,0
"Divaksin Covid-19, Wapres: Alhamdulillah Tak Ada Masalah, Tidak Sakit",Kompas,0
Kemenkes: Ada 10.000 Dosis Vaksin Covid-19 untuk Pedagang Tanah Abang Hari Ini,Kompas,0
Jokowi Tinjau Vaksinasi Covid-19 Pedagang Pasar Tanah Abang ,Kompas,0
"Vaksinasi Covid-19 Tahap Kedua, 1.500 Pedagang Pasar Tanah Abang Disuntik Hari Ini",Kompas,0
"Satgas Minta Kelompok Rentan Diprioritaskan dalam Penanganan Covid-19, Siapa Saja?",Kompas,0
"Minta Warga Tak Ragukan Vaksin Covid-19, Satgas: Jangan Khawatir Efek Samping",Kompas,0
BPOM Segera Terbitkan Izin Penggunaan Darurat Vaksin Astrazeneca ,Kompas,0
47 Vial Vaksin Covid-19 Rusak akibat Banjir di Indramayu,Kompas,0
"Vaksinasi Covid-19 Tahap Dua Dimulai, Pedagang Pasar Tanah Abang Disuntik Hari Ini",Kompas,0
"Pusing dan Mual Usai Disuntik Vaksin, Nakes Ini Ternyata Punya Sakit Lambung",Kompas,0
Wali Kota Salatiga Prioritaskan Jurnalis Terima Vaksinasi Covid-19 Tahap Dua,Kompas,0
BPOM Terbitkan Izin Darurat untuk 13 Juta Dosis Vaksin Covid-19 Sinovac,Kompas,0
Alasan Pentingnya Penyuntikan Vaksin Covid-19 Dosis Kedua...,Kompas,0
"Setelah Disuntik Vaksin Corona, 4 Tenaga Medis Dirawat karena Mengalami Gejala Ringan",Kompas,0
Ketua Umum MUI Setuju Ada Sanksi bagi Penolak Vaksinasi Covid-19,Kompas,0
"Vaksinasi Covid-19 Tahap Kedua Dimulai 17 Februari, Bertahap, Prioritas Jawa-Bali",Kompas,0
"Jokowi: Tak Mudah Dapatkan Vaksin Covid-19, Rebutan 215 Negara",Kompas,0
Kemenkes: Antibodi Bisa Terbentuk 99 Persen Setelah Disuntik Dua Dosis Vaksin Sinovac,Kompas,0
"Masuk Kategori Lanjut Usia, Bupati Magetan Suprawoto Terima Vaksin Covid-19",Kompas,0
"Vaksin Covid-19 Ada Kedaluwarsa, Kemenkes Minta Persediaan Tahap I Dihabiskan",Kompas,0
Kemenkes: Orang yang Sudah Divaksin Covid-19 Masih Mungkin Tertular Virus Corona,Kompas,0
"Antisipasi Varian Baru Virus Corona, Pemerintah Bentuk Tim Genomik Surveilans",Kompas,0
Ganjar Sebut Vaksinasi Tahap Kedua di Jateng Tertinggi Se-Indonesia,Kompas,0
Ganjar Belum Mau Langsung Sanksi Penolak Vaksin Covid-19,Kompas,0
"Soal Sanksi untuk Penolak Vaksinasi Covid-19, Ketua MPR Minta Pemerintah Gencarkan Sosialisasi",Kompas,0
Bupati Banyumas soal Pidana untuk Penolak Vaksin: Tindakan Persuasi Dahulu,Kompas,0
"Soal Sanksi bagi Penolak Vaksin Covid-19, Kemenkes: Itu Langkah Terakhir",Kompas,0
"Perpres Baru Jokowi soal Vaksin Corona: Atur Sanksi, Kompensasi, hingga Penunjukan Langsung",Kompas,0
UPDATE 14 Februari: 425.578 Tenaga Kesehatan Sudah Disuntik Vaksin Covid-19 Dosis Kedua,Kompas,0
Perpres Jokowi: Pemerintah Tanggung Biaya Perawatan jika Ada Efek Samping Vaksinasi Covid-19,Kompas,0
Perpres Jokowi: Menkes Bisa Tunjuk Badan Usaha Nasional atau Asing sebagai Penyedia Vaksin Covid-19,Kompas,0
Perpres Jokowi: Orang yang Cacat atau Meninggal akibat Vaksin Covid-19 Diberi Santunan,Kompas,0
Begini Aturan Teknis Vaksinasi Covid-19 untuk Orang dengan Komorbid,Kompas,0
"UPDATE: 1,2 Juta Kasus Covid-19 di Indonesia, Vaksinasi Boleh untuk Komorbid hingga Penyintas Covid-19",Kompas,0
"Syarat Lansia, Komorbid, Penyintas, Ibu Menyusui Boleh Mendapatkan Vaksin Covid-19",Kompas,0
"Vaksinasi Covid-19 Nakes Lansia di Solo, Walkot Rudy Pertama Disuntik",Kompas,0
Pemerintah Klaim Telah Vaksinasi 1 Juta Nakes Kurang dari Satu Bulan,Kompas,0
"Gara-gara Tensi Darah Naik dan Faktor Usia, Bupati, Wabup, Sekda Aceh Utara Kompak Batal Disuntik Vaksin Covid-19",Kompas,0
Wartawan hingga Pedagang Pasar di Sulut Akan Divaksin Covid-19 Tahap Dua,Kompas,0
"Penderita Kanker Diperbolehkan Ikut Vaksinasi Covid-19, Ini Syaratnya",Kompas,0
"Awal Maret 2021, Wartawan di Grobogan Akan Divaksin",Kompas,0
Kemenkominfo Temukan 105 Isu Hoaks Terkait Vaksin Covid-19 ,Kompas,0
UPDATE 10 Februari: Kasus Aktif Covid-19 di Indonesia Tercatat 168.416,Kompas,0
UPDATE 10 Februari: 969.546 Tenaga Kesehatan Disuntik Vaksin Covid-19 Dosis Pertama,Kompas,0
"Helena Lim Divaksin Lebih Awal, Epidemiolog: Memprihatinkan, Harus Diklarifikasi",Kompas,0
Petugas Pelayanan Publik hingga Wartawan di Wonogiri Akan Divaksin Covid-19 Tahap Kedua,Kompas,0
"Kemenkes: Jika Helena Lim Dapat Vaksin Covid-19, Kemungkinan Namanya Terdaftar di Dinkes",Kompas,0
Kontroversi Penyuntikan Vaksin ke Helena Lim dan Tanggapan Kemenkes soal Prioritas Vaksinasi Covid-19,Kompas,0
Dinas Kesehatan Jatim Ajukan Tambahan 104.252 Dosis Vaksin Covid-19,Kompas,0
ICJR Minta Petugas dan Penghuni Lapas Masuk Prioritas Vaksinasi Covid-19,Kompas,0
Kemenristek: Eijkman Targetkan Kirim Bibit Vaksin Merah Putih ke Bio Farma Maret 2021,Kompas,0
Baru 411 Nakes Padang Panjang yang Disuntik Vaksin Covid-19 dari Target 1.460 Orang,Kompas,0
"Ketua IDI Palopo Positif Covid-19 Sepekan Usai Divaksin, Ini Penjelasan Satgas",Kompas,0
"Vaksinasi Tahap Kedua di Banyumas Dimulai Bulan Ini, Sasaran 60.000 Orang",Kompas,0
Vaksinasi Tahap Kedua di Pekalongan Dilakukan pada Pertengahan Februari 2021,Kompas,0
Para Profesor Tenaga Kesehatan yang Sudah Lansia Mulai Terima Vaksin Covid-19,Kompas,0
"4.581 Nakes Tidak Divaksin, Ini Penjelasan Dinas Kesehatan Kalbar",Kompas,0
"Jubir Vaksinasi: Sabar, Jangan Langgar Hukum untuk Dapatkan Vaksin Covid-19",Kompas,0
Apa yang Ilmuwan Ketahui tentang Varian Baru Virus Corona dan Vaksin?,Kompas,0
Wali Kota Salatiga Ungkap Pengalaman Usai Divaksin Covid-19 Dosis Kedua,Kompas,0
"Vaksin Covid-19 Sinovac untuk Lansia, Diawali dari Kritik Pandu Riono hingga Disahkan Pemerintah",Kompas,0
2.017 Nakes dan 7 Pejabat Jalani Vaksinasi Covid-19 Dosis Kedua di Tegal,Kompas,0
"Vaksin Lansia Diizinkan BPOM, Screening Ketat Dinilai Perlu untuk Pantau Komorbid",Kompas,0
"Agar Pandemi Tak Berlanjut hingga 10 Tahun, Ini 3 Saran IDI untuk Pemerintah",Kompas,0
BPOM Ingatkan Agar Vaksinasi Covid-19 pada Lansia Dilakukan Hati-hati,Kompas,0
"Menkes Sebut Lebih dari 100.000 Nakes Batal Disuntik Vaksin Covid-19, Ini Penyebabnya",Kompas,0
"Usai Vaksinasi Nakes Lansia, secara Paralel Lansia Lain Akan Diberi Vaksin Covid-19",Kompas,0
"Angka Kematian Tinggi, BPOM Izinkan Penggunaan Vaksin CoronaVac untuk Lansia",Kompas,0
Menkes: Vaksinasi Covid-19 untuk Nakes Lansia Dimulai Senin Besok,Kompas,0
Tingginya Angka Kematian Jadi Alasan BPOM Bolehkan Lansia Disuntik Vaksin Sinovac,Kompas,0
BPOM Terbitkan Izin Penggunaan Darurat Vaksin Covid-19 Sinovac untuk Lansia,Kompas,0
UPDATE 7 Februari: 784.318 Tenaga Kesehatan Disuntik Vaksin Covid-19 Dosis Pertama,Kompas,0
"BPOM Disebut Setujui Vaksin Sinovac untuk Lansia, Ini Rincian Rentang Usia dan Dosis",Kompas,0
[POPULER SAINS] Potensi Hujan Deras Semarang | Kapan Anosmia Pulih?,Kompas,0
Vaksin Covid-19 Mungkinkah Aman untuk Pasien Kanker? Ahli Jelaskan,Kompas,0
Sebanyak 35.649 Tenaga Kesehatan di Banten Sudah Divaksin Covid-19,Kompas,0
Tidak Semua Pasien Kanker Bisa Disuntik Vaksin Covid-19,Kompas,0
"Nakes di Cilacap Dikabarkan Meninggal Usai Divaksin, Ini Penjelasan Kadinkes",Kompas,0
UPDATE 5 Februari: 120.725 Tenaga Kesehatan Sudah Dapat Vaksinasi Covid-19 Dosis Kedua,Kompas,0
Vaksin Covid-19 Johnson & Johnson Efektif 66 Persen Hanya dengan Sekali Penyuntikan,Kompas,0
Vaksinasi Covid-19 Israel Berhasil Turunkan Penularan dan Kematian,Kompas,0
"Efektivitas Vaksin Covid-19 66 Persen, Johnson & Johnson Ajukan Izin Penggunaan Darurat",Kompas,0
"UPDATE 4 Februari: 700.266 Tenaga Kesehatan Sudah Terima Vaksinasi Dosis Pertama, 96.553 Terima Dosis Kedua",Kompas,0
"Studi Ungkap Orang Dewasa Penyebar Virus Corona Terbesar, Kok Bisa?",Kompas,0
"Suntik Vaksin Bukan Berarti Bebas Covid-19, Apa yang Harus Dilakukan?",Kompas,0
Kabupaten Nias Terima 2.600 Dosis Vaksin Covid-19,Kompas,0
Cakupan Vaksinasi Covid-19 untuk Nakes di Kaltim di Atas Rata-rata Nasional,Kompas,0
4 Alasan Perlu Pakai Masker Meski Sudah Mendapatkan Vaksin Covid-19,Kompas,0
"UPDATE 3 Februari: 646.026 Tenaga Kesehatan Divaksin, 71.621 di Antaranya Sudah Dapat Dosis Ke-2",Kompas,0
"Ibu Hamil Positif Corona Tak Selalu Lahirkan Bayi dengan Antibodi Covid-19, Mengapa?",Kompas,0
Pemkot Gunungsitoli Akan Terima 1.560 Dosis Vaksin Covid-19,Kompas,0
"Terus Kawal Pengadaan dan Distribusi Vaksin Covid-19, Ini Rekomendasi KPK",Kompas,0
"11 Kabupaten/Kota di Papua Sudah Terima Vaksin Covid-19, 18 Wilayah Lain Dinilai Belum Siap",Kompas,0
"Stok Vaksin COVID-19 Menipis, Fokus Vaksinasi April Kejar Lansia dan Tenaga Pendidik",Liputan 6,0
Kemenkes Jamin Vaksin COVID-19 Tak Akan Habis,Liputan 6,0
"Stok Vaksin COVID-19 Menipis, Kemenkes: 27 Juta Dosis Masih Diproses Bio Farma",Liputan 6,0
Stok Vaksin COVID-19 April 2021 Menipis,Liputan 6,0
WHO Ingatkan Masyarakat Tak Beli Vaksin COVID-19 Ilegal,Liputan 6,0
"Terjadi Distorsi pada COVAX, WHO Minta Negara Kaya Sumbangkan Vaksin COVID-19",Liputan 6,0
"Tanpa Suntik, Oravax Kembangkan Vaksin COVID-19 Berbentuk Pil",Liputan 6,0
"Stok Vaksin Menipis, Menkes Bakal Perlambat Laju Vaksinasi COVID-19",Liputan 6,0
Kolom Pakar] Prof Tjandra Yoga Aditama: Kajian Kemungkinan Dosis Ketiga Vaksin COVID-19,Liputan 6,0
"Diuji ke Anak, Keamanan dan Manfaat Vaksin COVID-19 pada Dewasa Harus Dipastikan",Liputan 6,0
"Pandemi Flu saat Kecil, Nenek 104 Tahun di AS Disuntik Vaksin COVID-19",Liputan 6,0
Memahami Upaya Pemenuhan Ketersediaan dan Distribusi Vaksin COVID-19,Liputan 6,0
Mulai Uji Klinis Vaksin COVID-19 pada Anak 6 Bulan hingga 11 Tahun,Liputan 6,0
Satgas: Suplai Vaksin COVID-19 hingga Juni 2021 Sekitar 50 Juta Dosis,Liputan 6,0
Menkes Budi: Ketersedian Vaksin COVID-19 Terancam Akibat Embargo,Liputan 6,0
BPOM Soal Vaksin COVID-19 Sinovac untuk Anak: Penelitian Belum Selesai,Liputan 6,0
"Diapresiasi Wamenkes, Ini Sosok Penerima Vaksin COVID-19 Berusia 104 Tahun di Bogor",Liputan 6,0
Dokter: Manfaat Disuntik Vaksin COVID-19 Lebih Banyak daripada Risikonya,Liputan 6,0
"Vaksin COVID-19 Terbatas, Menkes Budi Ditelepon Presiden, Menteri hingga Bupati",Liputan 6,0
Wamenkes Puji Penerima Vaksin COVID-19 Berusia 104 di Bogor,Liputan 6,0
Indonesia Terima Kedatangan Vaksin COVID-19 Tahap Ketujuh,Liputan 6,0
Studi AS Sebut Vaksin AstraZeneca 79 Persen Efektif Lawan COVID-19,Liputan 6,0
Satgas: Tripsin Tidak Jadi Kandungan Langsung dalam Vaksin COVID-19 AstraZeneca,Liputan 6,0
Presiden Korsel Moon Jae-in Disuntik Vaksin COVID-19 AstraZeneca,Liputan 6,0
Vaksin COVID-19 Novavax hingga Pfizer Baru Masuk RI pada Semester ke-2 Tahun,Liputan 6,0
"Lakukan Uji Klinis Awal, Sinovac Sebut Vaksin COVID-19 CoronaVac Aman untuk Anak",Liputan 6,0
Sementara Uji Klinis III di AS: Efikasi Vaksin COVID-19 AstraZeneca 79 Persen,Liputan 6,0
AstraZeneca: Vaksin COVID-19 Kami Tidak Mengandung Produk Turunan Babi atau Hewan Lain,Liputan 6,0
Epidemiolog UI Sebut Manfaat Vaksin COVID-19 AstraZeneca Lebih Besar dari Kasus Pembekuan Darah,Liputan 6,0
"Merasa Bebas Setelah Vaksin, Wanita di AS Dinyatakan Positif COVID-19",Liputan 6,0
Juta Orang Sudah Menerima Suntikan Pertama Vaksin COVID-19 per 20 Maret 2021,Liputan 6,0
"Vaksin AstraZeneca Boleh Digunakan, Kemenkes: Tak Ada Alasan Ragu Vaksinasi COVID-19",Liputan 6,0
Menkes Budi: Vaksinasi COVID-19 Pakai Vaksin AstraZeneca Mulai Pekan Depan,Liputan 6,0
"Sertifikat Vaksinasi COVID-19 untuk Syarat Perjalanan, Satgas: Harus Ada Studi Efektivitas Vaksin",Liputan 6,0
6 Gerakan Bahu untuk Kurangi Pegal dan Nyeri Lengan Sebelum Vaksin COVID-19,Fit & Diet,0
Mulai Uji Klinis Vaksin COVID-19 pada Anak Usia 6 Bulan hingga 11 Tahun,Liputan 6,0
Jabar Siapkan 2.000 Dosis Vaksin COVID-19 untuk Kontingen PON XX,Liputan 6,0
"BPOM: Masih Dikaji, Vaksin COVID-19 AstraZeneca Tidak Direkomendasikan Digunakan",Liputan 6,0
Satgas COVID-19: Penundaan Distribusi Vaksin AstraZeneca Hanya Sementara,Liputan 6,0
"Walau Tak Ada Bukti Pembekuan Darah Terkait Vaksin COVID-19, AstraZeneca Tetap Lakukan Kajian",Liputan 6,0
Batch Vaksin COVID-19 AstraZeneca yang Disetop di Eropa Tidak Masuk ke Indonesia,Liputan 6,0
Kemenkes Tanggapi Isu Vaksin COVID-19 CoronaVac yang Kedaluwarsa  pada 25 Maret 2021,Liputan 6,0
Botol Vaksin COVID-19 yang Pertama Kali Disuntikan di AS Diberikan ke Museum,Liputan 6,0
BPOM: Izin Darurat Vaksin COVID-19 Sputnik V dan Novavax Sedang Dievaluasi,Liputan 6,0
"Menkes: Masalah Laju Vaksinasi Bukan di Lokasi, tapi di Ketersediaan Vaksin COVID-19",Liputan 6,0
Kemenkes: Distribusi Vaksin COVID-19 AstraZeneca Ditunda,Liputan 6,0
AstraZeneca: Tak Ada Bukti Vaksin COVID-19 Tingkatkan Risiko Pembekuan Darah,Liputan 6,0
"Disiplin Protokol Kesehatan Usai Suntik Vaksin COVID-19, Menkes: Jangan Merasa Jadi Superman",Liputan 6,0
"Ketersediaan, Alasan Indonesia Belum Bisa Suntik 1 Juta Vaksin COVID-19 per Hari",Liputan 6,0
[Kolom Pakar] Prof Tjandra Yoga Aditama: Vaksin COVID-19 AstraZeneca/Oxford,Liputan 6,0
Kemenkes: Indonesia Masih Tetap Gunakan Vaksin COVID-19 AstraZeneca,Liputan 6,0
WHO Minta Penggunaan Vaksin COVID-19 AstraZeneca Tetap Dilanjutkan,Liputan 6,0
WHO Berikan Izin Darurat untuk Vaksin COVID-19 Dosis Tunggal Johnson and Johnson,Liputan 6,0
"Orang, Lansia Ini Syok Dapat 2 Dosis Suntikan Vaksin COVID-19 dalam Sehari",Liputan 6,0
"Positif COVID-19 Usai Vaksin, Kondisi Kesehatan Sekda Bandung Membaik",Liputan 6,0
"Vaksin AstraZeneca Sebabkan Pembekuan Darah di Negara Eropa, Ini Respons Satgas COVID-19",Liputan 6,0
"Sengaja, Lansia AS Dua Kali Disuntik Vaksin COVID-19 di Hari yang Sama",Liputan 6,0
"Hasil Uji Klinis di Inggris, Efikasi Vaksin COVID-19 Novavax 96 Persen",Liputan 6,0
Regulator Obat Uni Eropa Restui Penggunaan Vaksin COVID-19 Johnson and Johnson,Liputan 6,0
"Pakar] Prof Tjandra Yoga Aditama: Vaksin BCG, Hari TB sedunia dan COVID-19",Liputan 6,0
"Didapat Melalui Kerja Sama G to G, Keaslian Vaksin COVID-19 Terjamin",Liputan 6,0
"Izin Darurat Vaksin AstraZeneca Keluar, Ahli: Bagus, Bisa Percepat Herd Immunity COVID-19",Liputan 6,0
Vaksin COVID-19 AstraZeneca Dapatkan Izin Guna Darurat dari Badan POM dan Dinyatakan,Liputan 6,0
"Soal Pemberitaan Negatif Vaksin COVID-19 AstraZeneca, Ini Kata Kepala BPOM",Liputan 6,0
"Vaksin COVID-19 Jalur Multilateral: Lebih dari 1,1 Juta Vaksin AstraZeneca",Liputan 6,0
"1,1 Juta Vaksin COVID-19 AstraZeneca Tiba di Indonesia",Liputan 6,0
"Virus Corona Terus Bermutasi, IDI: Suatu Saat Vaksin COVID-19 Harus Diganti",Liputan 6,0
"Lansia Alergi Usai Terima Vaksin COVID-19 Dosis Pertama, Bolehkah Lanjut Suntikan Kedua?",Liputan 6,0
"Vaksinasi COVID-19 ASN Jabar Dimulai, 570 Orang Sudah Disuntik Vaksin Corona",Liputan 6,0
Jabar Dukung Uji Klinis Fase III Vaksin Rekombinan COVID-19 Anhui,Liputan 6,0
Orangutan dan Bonobo di Kebun Binatang San Diego Disuntik Vaksin COVID-19,Liputan 6,0
Dokter Reisa: Vaksin COVID-19 AstraZeneca dari COVAX Segera Datang Secara Bertahap,Liputan 6,0
Sebagian Besar Mutasi Virus Corona Tak Ubah Efektivitas Vaksin COVID-19,Liputan 6,0
Penyuntikan Dosis Pertama Vaksin COVID-19 Duta BPJS Kesehatan Selesai Maret 2021,Liputan 6,0
Menkes Budi Gunadi: Jumlah Vaksin Jadi Tantangan Terbesar Vaksinasi COVID-19,Liputan 6,0
"Klinis Fase 3 di Turki: Efikasi Vaksin COVID-19 Sinovac 83,5 Persen",Liputan 6,0
Peneliti: Vaksin COVID-19 Pfizer Kurang Efektif bagi Penderita Obesitas,Liputan 6,0
"Mesin Pendingin Rusak, Vaksin COVID-19 Terbuang Sia-Sia di Jepang",Liputan 6,0
"Kasus COVID-19 Dunia Meningkat Lagi, Efek Masyarakat Terlena dengan Kedatangan Vaksin",Liputan 6,0
Alasan Indonesia Tak Secepat Negara Lain dalam Pengembangan Vaksin COVID-19,Liputan 6,0
"Ghana dan Pantai Gading, Dua Negara Pertama yang Gunakan Vaksin COVID-19 dari COVAX",Liputan 6,0
"Jawab Keraguan Publik, Perdana Menteri India Terima Dosis Pertama Vaksin COVID-19 Covaxin",Liputan 6,0
"dari 20 Juta Warga Inggris Disuntik Vaksin COVID-19, Menkes Hancock: Pencapaian Luar Biasa",Liputan 6,0
"Dapat Bantuan Vaksin Sinovac dari China, Filipina Mulai Vaksinasi COVID-19",Liputan 6,0
"Vaksin COVID-19 dalam Vaksinasi Gotong Royong Berbeda, Menkes: Biar Tidak Rebutan Suplai",Liputan 6,0
"Hasil Investigasi, KIPI Vaksin AstraZeneca di Sulut Tergolong Ringan",Liputan 6,0
ITAGI Sarankan Rentang Waktu Penyuntikan Dua Dosis Vaksin AstraZeneca 8 Minggu,Liputan 6,0
Komnas KIPI: Efek Samping Vaksin AstraZeneca di Sulut Banyak Dilaporkan Pekerja Publik,Liputan 6,0
"Kemenkes: Vaksin AstraZeneca Didistribusikan ke 7 Provinsi, Tidak Ada KIPI Berat Ditemukan",Liputan 6,0
"Komnas KIPI: Reaksi Vaksin AstraZeneca di Sulut Bersifat Ringan, Ada yang Terkait Kecemasan",Liputan 6,0
"Gejala Ringan, Komnas KIPI Rekomendasikan Penyuntikkan Vaksin AstraZeneca di Sulut Lanjut",Liputan 6,0
Kanada Setop Sementara Penggunaan Vaksin AstraZeneca Bagi Warga di Bawah 55 Tahun,Liputan 6,0
Menkes Deg-degan Stok Vaksin Sinovac Hanya 7 Juta Dosis untuk April 2021,Liputan 6,0
Indonesia Jadi Negara ke-4 Terbanyak Vaksinasi yang Mencapai 10 Juta Vaksin,Liputan 6,0
Virolog: Vaksin AstraZeneca Tidak Mengandung Babi,Liputan 6,0
"Proses Pembuatan Vaksin Bukan Hal Mudah, Tak Bisa Diburu-buru",Liputan 6,0
"Sulut Setop Sementara Suntik Vaksin AstraZeneca, Menkes Budi: Kajian di Komnas KIPI",Liputan 6,0
"Sulut Tunda Sementara Penggunaan Vaksin AstraZeneca, Pakar: Risiko Efek Samping Selalu Ada",Liputan 6,0
"Pengiriman Vaksin AstraZeneca Tertunda, Menkes Budi: Kita Hanya Punya 7 Juta Dosis dari Sinovac",Liputan 6,0
"Menkes Budi Gunadi: Maret-April 2021, Pengiriman Vaksin AstraZeneca Tertunda",Liputan 6,0
[Kolom Pakar] Prof Tjandra Yoga Aditama: Kajian Kemungkinan Dosis Ketiga Vaksin COVID-19,Liputan 6,0
"Sebelum Diuji ke Anak, Keamanan dan Manfaat Vaksin COVID-19 pada Dewasa Harus Dipastikan",Liputan 6,0
"Lewati Pandemi Flu saat Kecil, Nenek 104 Tahun di AS Disuntik Vaksin COVID-19",Liputan 6,0
Pfizer Mulai Uji Klinis Vaksin COVID-19 pada Anak 6 Bulan hingga 11 Tahun,Liputan 6,0
"16 Juta Bahan Baku Vaksin Sinovac Tiba di Indonesia, BPOM Segera Lakukan Evaluasi",Liputan 6,0
"Tambah Ketersediaan, 16 Juta Bahan Baku Vaksin Sinovac Tiba di Indonesia",Liputan 6,0
ITAGI: Penggunaan Vaksin AstraZeneca Sudah Mempertimbangkan Manfaat dan Risikonya,Liputan 6,0
16 Juta Bulk Vaksin Sinovac Tiba di Indonesia,Liputan 6,0
"Vaksin AstraZeneca, Ma'ruf Amin: Bukan Soal Halal atau Tidak Halal, yang Penting Boleh",Liputan 6,0
"RI Mulai Suntikkan Vaksin AstraZeneca, Ketua MUI Jatim Jadi Salah Satu Penerima Pertama",Liputan 6,0
Data Sementara Uji Klinis III di AS: Efikasi Vaksin COVID-19 AstraZeneca 79 Persen,Liputan 6,0
Jokowi: Kiai-Kiai di Jawa Timur Siap Diberi Vaksin AstraZeneca,Liputan 6,0
"5,1 Juta Orang Sudah Menerima Suntikan Pertama Vaksin COVID-19 per 20 Maret 2021",Liputan 6,0
"Kemkes: Jangan Ragu Gunakan Vaksin, AstraZeneca Disetujui di 70 Negara dan Dewan Islam Dunia",Liputan 6,0
5 Alasan MUI Bolehkan Penggunaan Vaksin AstraZeneca di Indonesia,Liputan 6,0
[Kolom Pakar] Prof Tjandra Yoga Aditama: Perkembangan Izin dan Rekomendasi Vaksin AstraZeneca,Liputan 6,0
"Vaksin AstraZeneca Bisa Digunakan, Kemenkes: Distribusi ke Daerah Paling Lambat Senin Depan",Liputan 6,0
MUI: Vaksin AstraZeneca Haram tapi Boleh Digunakan dengan Pertimbangan 5 Alasan Ini,Liputan 6,0
"BPOM Beri Lampu Hijau, Vaksin AstraZeneca Mulai Dapat Digunakan",Liputan 6,0
"Soal Sertifikat Vaksinasi COVID-19 untuk Syarat Perjalanan, Satgas: Harus Ada Studi Efektivitas Vaksin",Liputan 6,0
"EMA Nyatakan Aman, Beberapa Negara Eropa Lanjutkan Penggunaan Vaksin AstraZeneca",Liputan 6,0
"Vaksin Tetap Fit, Le Minerale Bagikan Air Mineral di Lebih dari 100 Titik di Indonesia",Liputan 6,0
"15 Negara Eropa Tangguhkan Vaksin AstraZeneca, BPOM RI: Izin Darurat Tidak Dicabut",Liputan 6,0
BPOM RI: Vaksin AstraZeneca yang Masuk Indonesia Sesuai Standar Mutu Global,Liputan 6,0
"Vaksin Sinovac Hanya Sampai 25 Maret 2021, Menkes Budi: Kami Masih Cek di Papua",Liputan 6,0
"HEADLINE: Indonesia dan 16 Negara Tangguhkan Vaksin AstraZeneca, Tunggu WHO?",Liputan 6,0
"Kedaluwarsa Akhir Mei 2021, Menkes Budi Akui Masa Simpan Vaksin AstraZeneca Pendek",Liputan 6,0
"Investigasi Vaksin AstraZeneca Masih Berjalan, EMA: Manfaatnya Masih Lebih Besar",Liputan 6,0
"Distribusi Vaksin AstraZeneca Ditunda, Menkes Budi: Tunggu Fatwa Halal MUI",Liputan 6,0
Belanda Hentikan Sementara Penggunaan Vaksin AstraZeneca,Liputan 6,0
"Belum Didistribusikan, Masa Simpan 1,1 Juta Vaksin AstraZeneca Berakhir Mei 2021",Liputan 6,0
BPOM: Batch Vaksin COVID-19 AstraZeneca yang Disetop di Eropa Tidak Masuk ke Indonesia,Liputan 6,0
"Pembekuan Darah Usai Suntik Vaksin AstraZeneca, Otoritas Obat Eropa: Tidak Ada Indikasi karena Vaksinasi",Liputan 6,0
"RI Tunda Distribusi Vaksin AstraZeneca, Kemenkes Ungkap Alasannya",Liputan 6,0
"Kemenkes: Sudah Habis, Tidak Ada Lagi Vaksin Sinovac yang Kedaluwarsa Maret dan Mei 2021",Liputan 6,0
WHO: Lanjutkan Penggunaan Vaksin AstraZeneca,Liputan 6,0
"Bersejarah, Botol Vaksin COVID-19 yang Pertama Kali Disuntikan di AS Diberikan ke Museum",Liputan 6,0
Kemenkes Pastikan Vaksin Sinovac yang Kedaluwarsa pada 25 Maret 2021 Sudah Ludes,Liputan 6,0
"Pegawai Bank Divaksin, Sri Mulyani: Ini Anggaran Vaksin dari APBN",Liputan 6,0
PBNU: Masyarakat Tak Perlu Ragukan Kemubahan Vaksin AstraZeneca,Liputan 6,0
PBNU: Vaksin AstraZeneca Dapat Disuntikkan dalam Kondisi Normal dan Darurat,Liputan 6,0
"Waspadai Embargo Vaksin, Menkes Atur Ritme Vaksinasi Covid-19",Liputan 6,0
"SMRC: Mayoritas Warga Bersedia Disuntik Vaksin AstraZeneca, Tapi Minat Rendah",Liputan 6,0
"Vaksin Terus Bertambah, Bio Farma Yakin Indonesia Capai Herd Immunity",Liputan 6,0
"Pimpinan DPR: Antisipasi Embargo, Produksi Vaksin Covid-19 Dalam Negeri Harus Dikebut",Liputan 6,0
Menkes Sebut Ketersediaan Vaksin Covid-19 Terancam Akibat Embargo,Liputan 6,0
Cerita Dinkes Bogor Suntik Vaksin Covid-19 ke Kakek Wirjawan yang Berusia 104 Tahun,Liputan 6,0
"Kasus Aktif Menurun, Wamenkes Sebut Bukti Vaksin Covid-19 Kurangi Risiko Sakit Parah",Liputan 6,0
16 Juta Bahan Baku Vaksin Sinovac Tahap 7 Tiba di Indonesia,Liputan 6,0
PKS Dukung Kelanjutan Pengembangan Vaksin Nusantara,Politik,0
"Jubir Wapres: Jangan Lagi Persoalkan Halal Haram Vaksin AstraZeneca, yang Penting Dibolehkan",Liputan 6,0
"Tinjau Vaksinasi di Halmahera Utara, Jokowi Pastikan Distribusi Vaksin Merata",Liputan 6,0
Ratusan Santri dan Pengasuh Pesantren Lirboyo Kediri Disuntik Vaksin AstraZeneca,Liputan 6,0
4 Tanggapan Satgas hingga Kemenkes Terkait Penggunaan Vaksin Covid-19 AstraZeneca,Liputan 6,0
4 Pernyataan Jokowi Terkait Vaksin Covid-19 AstraZeneca,Liputan 6,0
Kemenkes: Vaksin AstraZeneca Sudah Didistribusikan ke 7 Provinsi,Liputan 6,0
"Wamenag: MUI Pusat Tidak Sebut Vaksin AstraZeneca Halal, Tapi Boleh Digunakan",Liputan 6,0
Infografis Sertifikat Vaksin Covid-19 Jadi Syarat Bepergian?,Liputan 6,0
Wagub Riza Patria soal Vaksin AstraZeneca: DKI Ikuti Kebijakan Pusat,Liputan 6,0
7 Hal Terkait Penggunaan Vaksin Covid-19 AstraZeneca di Indonesia,Liputan 6,0
Jokowi: MUI Jawa Timur Sampaikan Vaksin AztraZeneca Halal dan Thayyib,Liputan 6,0
4 Hal Terkait Penggunaan Sertifikat Vaksin Covid-19,Liputan 6,0
"Agar Dapat Sertifikat Vaksin, Kelompok Lansia Diimbau Sertakan Nomor HP Pribadi",Liputan 6,0
Jokowi: Vaksin AstraZeneca Akan Digunakan di Pesantren Jawa Timur,Liputan 6,0
Jokowi Minta Menkes Segera Distribusikan Vaksin AstraZeneca,Liputan 6,0
"Vaksin AstraZeneca Dipastikan Halal, MUI Keluarkan Fatwa Hari Ini",Liputan 6,0
"Guru di Garut Sempat Lumpuh Usai Divaksinasi, Dokter Pastikan Bukan Akibat Vaksin Covid-19",Liputan 6,0
"Wamenkes: Berkat Sentra Vaksinasi, 380 Ribu Orang Disuntik Vaksin Covid-19 Per Hari",Liputan 6,0
5.124.948 Orang Telah Terima Vaksin Covid-19,Liputan 6,0
AstraZeneca Nyatakan Vaksin Covid-19 Produksinya Tak Mengandung Babi,Liputan 6,0
"Kemenkes: Vaksin Covid-19 AstraZeneca Disetujui Lebih dari 70 Negara, Termasuk Arab Saudi",Liputan 6,0
Kemenkes Akan Distribusikan Vaksin AstraZeneca Paling Lambat Senin Depan,Liputan 6,0
"MUI: Vaksin AstraZeneca Haram, Tapi Boleh Digunakan karena Kondisi Mendesak",Liputan 6,0
BPOM: Vaksin Covid-19 AstraZeneca Dapat Mulai Digunakan,Liputan 6,0
Satgas: Sertifikat Vaksin Covid-19 Jadi Syarat Perjalanan Masih Wacana,Liputan 6,0
Satgas Covid-19: Pemerintah Putuskan Menunda Penggunaan Vaksin AstraZeneca,Liputan 6,0
"Infografis Ramai-Ramai Tangguhkan Vaksin AstraZeneca, Ada Apa?",Infografis,0
"1,1 Juta Vaksin AstraZeneca Kedaluwarsa Mei 2021, Ini Penjelasan Kemenkes",Liputan 6,0
Kemenkes: Penundaan Distribusi Vaksin AstraZeneca Bukan karena Isu Pembekuan Darah,Liputan 6,0
Kemenkes Pastikan Vaksin Covid-19 Sinovac Batch 1 Sudah Habis,Liputan 6,0
Kemenkes Pastikan Stok dan Distribusi Vaksin Covid-19 di Indonesia Terkendali,Liputan 6,0
3 Hal Terkait Vaksin Covid-19 Sinovac Batch 1 yang Hampir Kedaluwarsa,Liputan 6,0
Penjelasan Kemenkes soal Vaksin Covid-19 Sinovac Kedaluwarsa 25 Maret 2021,Liputan 6,0
Vaksin Covid-19 Sinovac Batch 1 Kedaluwarsa 25 Maret 2021,Liputan 6,0
60 Faskes di Depok Terima Vaksin Covid-19 Tahap Kedua,Liputan 6,0
Satgas Covid-19 Tegaskan Vaksin AstraZeneca Belum Disuntikkan di Indonesia,Liputan 6,0
Satgas Covid-19: Vaksin AstraZeneca Tidak Terindikasi Menyebabkan Pembekuan Darah,Liputan 6,0
"Jumat 12 Maret 2021, 116.860 Orang Disuntik Vaksin Covid-19",Liputan 6,0
Sebut Vaksin Nusantara dan Merah Putih Wajib Ikuti Kaidah Ilmiah dan Libatkan Banyak Ahli,Liputan 6,0
"Sesuai Instruksi Presiden, Komisi IX Siap Dukung Pengembangan Vaksin Buatan Dalam Negeri",Liputan 6,0
BPOM Sebut Vaksin Nusantara Belum Sesuai Kaidah Medis,Liputan 6,0
Anggota DPR Mengaku Bingung Ada Pihak yang Alergi Bicara Vaksin Nusantara,Liputan 6,0
"Lapor SPT, Wapres Ma'ruf Sebut Biaya Vaksin Covid-19 untuk Rakyat Pakai Uang Pajak",Liputan 6,0
Terawan: Vaksin Nusantara Bisa Jadi Solusi untuk Pengidap Komorbid Berat dan Autoimun,Liputan 6,0
Parlemen Ingatkan Pemerintah Soal Pengeluaran EUA Vaksin AstraZeneca Sesuai Prosedur,Liputan 6,0
"Sempat Positif Covid-19, Wali Kota Depok M Idris Terima Suntikan Vaksin",Liputan 6,0
Infografis Perbandingan Vaksin Covid-19 Sinovac dengan AstraZeneca,Infografis,0
"BPOM Ungkap Efek Samping Vaksin AstraZeneca, Mulai Gatal hingga Mual",Liputan 6,0
BPOM Setujui Vaksin Astrazeneca Dipakai untuk Vaksinasi Covid-19 Massal,Liputan 6,0
Pemerintah Ajak Pihak Swasta Percepat Produksi Vaksin Merah Putih,Liputan 6,0
Satgas Covid-19: Tidak ada Sindikat Vaksin Covid-19 Palsu di Indonesia,Politik,0
"Indonesia Terima 1,1 Juta Vaksin Covid-19 AstraZeneca",Liputan 6,0
Menkes: Imun Baru Efektif 28 Hari Setelah Suntikan Vaksin Covid-19 Dosis Kedua,Liputan 6,0
Potret Antusiasme 1.000 Pekerja Transportasi Umum di Tangerang Kala Menerima Vaksin COVID-19,Liputan 6,0
"Jokowi: 4,6 Juta Dosis Vaksin AstraZeneca Tiba di Indonesia Maret 2021",Liputan 6,0
Satgas: Vaksin Sinovac Masih Efektif Lawan Covid-19 Varian Baru B117,Liputan 6,0
418 Prajurit TNI di Depok Dapat Vaksin COVID-19,Liputan 6,0
Indonesia Kini Punya 38 Juta Dosis Vaksin Covid-19 dari Sinovac,Liputan 6,0
"Cegah Covid-19, Ini 6 Hal Terkait Vaksin Gotong Royong Gratis untuk Karyawan",Liputan 6,0
