,Title,Title_Join,Label,Hasil_Prediksi
521,Wamenkes Jelaskan Alasan Pasien COVID-19 Tak Dapat Jatah Vaksin,wamenkes jelas alas pasien tak jatah ,Netral,Netral
737,"Penderita Kanker Diperbolehkan Ikut Vaksinasi Covid-19, Ini Syaratnya",derita kanker boleh ikut syarat,Positif,Netral
740,UPDATE 10 Februari: Kasus Aktif Covid-19 di Indonesia Tercatat 168.416,update februari kasus aktif indonesia catat,Netral,Netral
660,"Vaksinasi Covid-19 Tahap Dua Dimulai Besok, Grobogan Dapat Jatah 12.000 Dosis", tahap mulai besok grobogan jatah dosis,Netral,Netral
411,Menkes Disuntik Vaksin Dosis Kedua: Rasanya Jadi Pengen Makan Banyak,menkes suntik dosis dua rasa jadi ken makan banyak,Netral,Positif
678,"UPDATE 19 Februari: 668.914 Nakes Sudah Divaksinasi Dosis Kedua, 1.191.031 Dosis Pertama",update februari nakes dosis dua dosis pertama,Netral,Netral
626,"UPDATE 25 Februari: 853.745 Tenaga Kesehatan Sudah Divaksinasi Dosis Kedua, 1.461.920 Dosis Pertama",update februari tenaga sehat dosis dua dosis pertama,Netral,Netral
513,"Tak Ragu Disuntik Vaksin Sinovac, dr Tirta: Sudah Terjamin Uji Klinis",tak ragu suntik sinovac dr tirta jamin uji klinis,Positif,Netral
859,"Vaksinasi COVID-19 ASN Jabar Dimulai, 570 Orang Sudah Disuntik Vaksin Corona", asn jabar mulai orang suntik ,Netral,Negatif
136,Penghentian sementara vaksin AstraZeneca CTMAV547,henti astrazeneca ctmav,Netral,Netral
811,Indonesia Terima Kedatangan Vaksin COVID-19 Tahap Ketujuh,indonesia terima datang tahap tujuh,Netral,Netral
76,14.815.666 jiwa penduduk RI telah menjalani vaksinasi dosis pertama,jiwa duduk ri jalan dosis pertama,Netral,Netral
636,IPB Siap Bantu Uji Praklinis Vaksin Covid-19 Merah Putih,ipb siap bantu uji praklinis merah putih,Netral,Netral
973,Penjelasan Kemenkes soal Vaksin Covid-19 Sinovac Kedaluwarsa 25 Maret 2021,jelas kemenkes soal sinovac kedaluwarsa maret,Netral,Netral
938,"Kasus Aktif Menurun, Wamenkes Sebut Bukti Vaksin Covid-19 Kurangi Risiko Sakit Parah",kasus aktif turun wamenkes sebut bukti kurang risiko sakit parah,Positif,Negatif
899,"Vaksin AstraZeneca, Ma'ruf Amin: Bukan Soal Halal atau Tidak Halal, yang Penting Boleh", astrazeneca maruf amin bukan soal halal halal penting ,Positif,Netral
280,Kapan Vaksin Merah Putih Dipakai Lawan Covid? Ini Kata BPOM,kapan merah putih pakai lawan kata bpom,Netral,Netral
883,Menkes Deg-degan Stok Vaksin Sinovac Hanya 7 Juta Dosis untuk April 2021,menkes degdegan stok sinovac juta dosis april,Negatif,Negatif
761,"Agar Pandemi Tak Berlanjut hingga 10 Tahun, Ini 3 Saran IDI untuk Pemerintah", pandemi tak lanjut hingga tahun saran idi perintah,Netral,Netral
319,"Heboh China Akui Kemanjuran Vaksinnya Rendah, Faktanya?",heboh china aku manjur vaksin rendah fakta,Negatif,Negatif
549,Komentar Pakar UGM soal MUI Tetapkan Vaksin Corona Sinovac Halal,komentar pakar ugm soal mui tetap sinovac halal,Positif,Positif
174,GTPP Denpasar : 361 terpapar COVID-19 masih dirawat di RS,gtpp denpasar papar rawat rs,Netral,Negatif
371,"Vaksinasi Covid-19 RI Tahap 3 Mulai Juni, Molor?", ri tahap mulai juni molor,Netral,Netral
527,4 Negara Pemakai Vaksin Sinovac Buatan China,negara pakai sinovac buat china,Netral,Netral
210,Bali targetkan dua pekan tuntaskan 500 ribu vaksinasi dosis pertama,bal target pekan tuntas ribu dosis pertama,Netral,Netral
235,OJK-IKNB-Kemenkes Gelar Vaksinasi Covid-19 Khusus Lansia,ojkiknbkemenkes gelar khusus lansia,Netral,Netral
101,Dinkes Gunung Kidul gunakan Astrazeneca untuk vaksinasi,dinkes gunung kidul guna astrazeneca ,Netral,Positif
986,"Sempat Positif Covid-19, Wali Kota Depok M Idris Terima Suntikan Vaksin",sempat positif wali kota depok idris terima sunti ,Netral,Netral
902,Jokowi: Kiai-Kiai di Jawa Timur Siap Diberi Vaksin AstraZeneca,jokowi kiaikiai jawa timur siap beri astrazeneca,Netral,Netral
947,"Wamenag: MUI Pusat Tidak Sebut Vaksin AstraZeneca Halal, Tapi Boleh Digunakan",wamenag mui pusat sebut astrazeneca halal guna,Positif,Positif
346,"Menkes Akui Laju Vaksinasi Covid Melambat, Ini Biang Keroknya",menkes aku laju lambat biang kerok,Negatif,Netral
139,Kakesdam: Vaksin AstraZeneca Batch CTMAV547 tak ditarik tapi ditunda,kakesdam astrazeneca batch ctmav tak tarik tunda,Netral,Netral
621,Wapres: Bendera Merah Putih Berkibar di Luar Negeri Hanya karena 2 Hal,wapres bendera merah putih kibar luar negeri ,Netral,Netral
499,"Menkes Pertimbangkan Jalur Vaksin COVID-19 Mandiri, Ini Pendapat Pakar",menkes timbang jalur mandiri dapat pakar,Netral,Netral
370,Nah Lho! Brasil Tolak Vaksin Covid-19 India,nah lho brasil tolak india,Netral,Netral
198,Vaksin AstraZeneca kembali tiba di Indonesia, astrazeneca tiba indonesia,Netral,Netral
687,"Gara-gara Baca Berita Hoaks, Warga Takut Divaksin Covid-19, Lalu Sembunyi di Hutan",garagara baca berita hoaks warga takut lalu sembunyi hutan,Negatif,Negatif
584,Syarat Dapat E-Tiket Vaksinasi Covid-19,syarat etiket ,Netral,Netral
901,Data Sementara Uji Klinis III di AS: Efikasi Vaksin COVID-19 AstraZeneca 79 Persen,data uji klinis iii as efikasi astrazeneca persen,Positif,Positif
59,Penerima vaksin lengkap warga Indonesia bertambah 25.318 jiwa,terima lengkap warga indonesia tambah jiwa,Netral,Netral
328,Pakai Masker Usai Divaksin Bisa Lindungi Nyawa Ribuan Orang,pakai masker usai lindung nyawa ribu orang,Positif,Netral
96,Kilas NusAntara Edisi COVID-19,kilas nusantara edisi ,Netral,Netral
312,"Pembekuan Darah, Regulator AS: Setop Pakai Vaksin Covid J&J",beku darah regulator as setop pakai jj,Negatif,Negatif
974,Vaksin Covid-19 Sinovac Batch 1 Kedaluwarsa 25 Maret 2021, sinovac batch kedaluwarsa maret,Netral,Netral
299,Blak-blakan Ketua Fraksi PAN Mau Disuntik Vaksin Terawan,blakblakan ketua fraksi pan mau suntik awan,Netral,Positif
277,"WHO: Dunia di Titik Kritis Pandemi, Mutasi Covid Makin Ganas",who dunia titik kritis pandemi mutasi makin ganas,Negatif,Netral
924,"RI Tunda Distribusi Vaksin AstraZeneca, Kemenkes Ungkap Alasannya",ri tunda distribusi astrazeneca kemenkes ungkap alas,Netral,Netral
601,Daftar 7 Vaksin COVID-19 yang Beredar di Indonesia,daftar edar indonesia,Netral,Netral
439,"Kemenkes: 132 Ribu Lebih Nakes Sudah Divaksin COVID-19, 20.154 Berhalangan",kemenkes ribu lebih nakes halang,Netral,Netral
837,AstraZeneca: Tak Ada Bukti Vaksin COVID-19 Tingkatkan Risiko Pembekuan Darah,astrazeneca tak bukti tingkat risiko beku darah,Positif,Positif
570,"Tak Langsung Kebal, Butuh Waktu Bangun Antibodi Setelah Suntik Vaksin COVID-19",tak langsung kebal butuh waktu bangun antibodi suntik ,Netral,Positif
879,"Kemenkes: Vaksin AstraZeneca Didistribusikan ke 7 Provinsi, Tidak Ada KIPI Berat Ditemukan",kemenkes astrazeneca distribusi provinsi kipi berat temu,Positif,Netral
261,Menkes Bicara Vaksin Terawan & Pengawasan Tak Lagi di BPOM,menkes bicara awan awas tak bpom,Netral,Positif
578,"Daftar Petinggi Negara yang Sudah Vaksin COVID-19, Joe Biden hingga Raja Salman",daftar petinggi negara joe biden hingga raja salman,Netral,Netral
23,Ketersediaan vaksin COVID-19 terjaga,sedia jaga,Positif,Netral
30,BPOM:  Vaksin AstraZeneca bets CTMAV547 dapat digunakan kembali,bpom astrazeneca bets ctmav guna ,Netral,Positif
617,"Vaksin Covid-19 Picu Efek Samping Mirip Kanker Payudara, Berbahayakah?", picu efek samping mirip kanker payudara bahaya,Negatif,Negatif
10,Pemkab Pamekasan vaksin 768 lansia,pemkab pamekasan lansia,Netral,Netral
221,"RI Resmi Pakai Vaksin Sinopharm Lawan Covid, Efikasinya 78%",ri resmi pakai sinopharm lawan efikasinya,Positif,Negatif
820,"Merasa Bebas Setelah Vaksin, Wanita di AS Dinyatakan Positif COVID-19",rasa bebas wanita as nyata positif ,Negatif,Netral
296,"Pembekuan Darah, Penyuntikan Vaksin Johnson & Johnson Disetop",beku darah sunti johnson johnson setop,Negatif,Positif
54,Jubir tegaskan vaksin gotong royong gratis,jubir tegas gotong royong gratis,Positif,Positif
542,Momen Dokter Kepresidenan Gemetar Saat Menyuntik Jokowi,momen dokter presiden gemetar suntik jokowi,Netral,Negatif
209,Vaksin COVID-19 telah diterima 12.995.710 orang di Indonesia, terima orang indonesia,Netral,Netral
604,7.450 Lansia di Banjarmasin Jalani Vaksinasi Covid-19,lansia banjarmasin jalan ,Netral,Netral
692,"Menkes: Setelah Vaksinasi, Kasus Covid-19 Tenaga Kesehatan Menurun",menkes kasus tenaga sehat turun,Positif,Netral
662,Kemenkes: Efek Samping Disuntik Vaksin Covid-19 Nyeri dan Gatal-gatal,kemenkes efek samping suntik nyeri gatalgatal,Negatif,Positif
866,"Klinis Fase 3 di Turki: Efikasi Vaksin COVID-19 Sinovac 83,5 Persen",klinis fase turki efikasi sinovac persen,Positif,Positif
70,Pekanbaru gelar vaksinasi massal lagi kini di delapan titik,pekanbaru gelar massal kini delapan titik,Netral,Netral
543,Komentar Jokowi Usai Terima Vaksin COVID-19: Nggak Terasa Sama Sekali,komentar jokowi usai terima asa sama sekali,Positif,Positif
107,Warga Moskow diawasi 380 ribu CCTV selama pandemi,warga moskow awas ribu cctv lama pandemi,Netral,Netral
493,Terpopuler Sepekan: Catat 16 Kriteria yang Tak Boleh Divaksin Corona!,populer pek catat kriteria tak ,Netral,Netral
590,Kemenkes Imbau Calon Penerima Vaksin Corona Jujur saat Skrining,kemenkes imbau calon terima jujur skrining,Netral,Netral
741,UPDATE 10 Februari: 969.546 Tenaga Kesehatan Disuntik Vaksin Covid-19 Dosis Pertama,update februari tenaga sehat suntik dosis pertama,Netral,Netral
292,"Ahli: Vaksin Nusantara Bukan Inovasi Anak Bangsa, Tapi AS",ahli nusantara bukan inovasi anak bangsa as,Netral,Netral
289,"Jangan Takabur, Orang yang Divaksin Masih Bisa Kena Covid",jangan takabur orang kena ,Negatif,Netral
652,Vaksinasi Covid-19 untuk Lansia di Kalsel Baru Dimulai pada Maret 2021, lansia kalsel baru mulai maret,Netral,Netral
39,Pro dan kontra risiko AstraZeneca,pro kontra risiko astrazeneca,Netral,Netral
589,"Hasil Akhir Uji Vaksin Sinovac 78 Persen Efektif, 100 Persen Cegah Kasus Berat",hasil akhir uji sinovac persen efektif persen cegah kasus berat,Positif,Positif
307,Beberapa Anggota DPR Disuntik Vaksin Nusantara Hari Ini,beberapa anggota dpr suntik nusantara hari ,Netral,Netral
679,"Suntikan Pertama Vaksin Pfizer di Israel 85 Persen Efektif, Studi Jelaskan",sunti pertama pfizer israel persen efektif studi jelas,Positif,Positif
66,"Total 14,8 juta penduduk Indonesia telah divaksinasi COVID-19",total juta duduk indonesia ,Netral,Netral
275,Resmi! RI Kedatangan 6 Juta Bulk Vaksin Covid-19 Sinovac,resmi ri datang juta bulk sinovac,Netral,Netral
67,Gubernur Riau harap vaksinasi massal di Dumai selesai sepekan,gubernur riau harap massal dumai selesai pek,Netral,Netral
318,"Jokowi Hapus Kemenristek, Gimana Nasib Vaksin Made in RI?",jokowi hapus kemenristek gimana nasib made in ri,Netral,Netral
548,Bio Farma Sebut Pfizer Ogah Dituntut Bila Vaksin Corona Buatannya Bermasalah,bio farma sebut pfizer ogah tuntut bila buat masalah,Negatif,Netral
998,Indonesia Kini Punya 38 Juta Dosis Vaksin Covid-19 dari Sinovac,indonesia kini punya juta dosis sinovac,Netral,Netral
714,"Jokowi: Tak Mudah Dapatkan Vaksin Covid-19, Rebutan 215 Negara",jokowi tak mudah dapat rebut negara,Netral,Netral
753,Para Profesor Tenaga Kesehatan yang Sudah Lansia Mulai Terima Vaksin Covid-19, profesor tenaga sehat lansia mulai terima ,Netral,Netral
327,Kabar Buruk! Vaksin Pfizer Tak Kuat Lawan Virus Corona Afsel,kabar buruk pfizer tak kuat lawan virus afsel,Negatif,Positif
382,"Presiden Brasil Sebut Covid Senjata Biologis, Sindir Siapa?",presiden brasil sebut senjata biologis sindir siapa,Netral,Positif
451,"Viral Anjuran Minum Air Kelapa untuk Netralkan Vaksin COVID-19, Ini Faktanya",viral anjur minum air kelapa netral fakta,Netral,Netral
522,"18 Tahun ke Atas Jadi Prioritas, Ini Batas Usia Vaksin COVID-19",tahun atas jadi prioritas batas usia ,Netral,Netral
218,Mantap! 6 Juta Vaksin Sinovac & 400 Ribu Sinopharm Tiba di RI,mantap juta sinovac ribu sinopharm tiba ri,Positif,Netral
787,"Ibu Hamil Positif Corona Tak Selalu Lahirkan Bayi dengan Antibodi Covid-19, Mengapa?",ibu hamil positif tak selalu lahir bayi antibodi ,Positif,Positif
436,Kemenkes: Sangat Mungkin Bupati Sleman Divaksin COVID-19 Saat Masa Inkubasi,kemenkes sangat mungkin bupati sleman masa inkubasi,Netral,Netral
764,"Usai Vaksinasi Nakes Lansia, secara Paralel Lansia Lain Akan Diberi Vaksin Covid-19",usai nakes lansia paralel lansia beri ,Netral,Netral
88,"Kemarin, literasi digital sampai penggunaan AstraZeneca dilanjutkan",kemarin literasi digital guna astrazeneca lanjut,Netral,Positif
63,Satgas: Tingkat kesembuhan pasien COVID-19 Mataram naik signifikan,satgas tingkat sembuh pasien mataram naik signifikan,Positif,Positif
826,Mulai Uji Klinis Vaksin COVID-19 pada Anak Usia 6 Bulan hingga 11 Tahun,mulai uji klinis anak usia bulan hingga tahun,Netral,Netral
716,"Masuk Kategori Lanjut Usia, Bupati Magetan Suprawoto Terima Vaksin Covid-19",masuk kategori lanjut usia bupati magetan suprawoto terima ,Netral,Netral
351,Studi Chile: Suntikan Pertama Sinovac Tak Lindungi dari Covid,studi chile sunti pertama sinovac tak lindung ,Negatif,Netral
936,Menkes Sebut Ketersediaan Vaksin Covid-19 Terancam Akibat Embargo,menkes sebut sedia ancam akibat embargo,Negatif,Negatif
256,"Sempat Bikin Heboh, Begini 'Ending' Vaksin Nusantara Terwan",sempat bikin heboh begini ending nusantara wan,Netral,Netral
635,Pemilik Kondisi Kesehatan Khusus Ini Disebut Dapat Menerima Vaksin Covid-19,milik kondisi sehat khusus sebut terima ,Netral,Netral
644,"100.000 Lansia Akan Divaksin Covid-19, Penerima Dites Naiki 10 Anak Tangga  ",lansia terima tes naik anak tangga,Netral,Netral
554,Tips agar Lancar Jalani Vaksinasi COVID-19,tips lancar jalan ,Netral,Netral
959,5.124.948 Orang Telah Terima Vaksin Covid-19,orang terima ,Netral,Netral
168,"Kemenkes: 80,8 persen publik bersedia terima vaksin COVID-19",kemenkes persen publik sedia terima ,Positif,Negatif
917,"Kedaluwarsa Akhir Mei 2021, Menkes Budi Akui Masa Simpan Vaksin AstraZeneca Pendek",kedaluwarsa akhir mei menkes budi aku masa simpan astrazeneca pendek,Netral,Netral
528,"Disuntik di Abu Dhabi, WNI Ungkap Efek Samping Vaksin COVID-19",suntik abu dhabi wni ungkap efek samping ,Negatif,Negatif
823,Menkes Budi: Vaksinasi COVID-19 Pakai Vaksin AstraZeneca Mulai Pekan Depan,menkes budi pakai astrazeneca mulai pekan depan,Netral,Netral
985,Parlemen Ingatkan Pemerintah Soal Pengeluaran EUA Vaksin AstraZeneca Sesuai Prosedur,parlemen ingat perintah soal keluar eua astrazeneca sesuai prosedur,Netral,Negatif
816,"Lakukan Uji Klinis Awal, Sinovac Sebut Vaksin COVID-19 CoronaVac Aman untuk Anak",laku uji klinis awal sinovac sebut coronavac aman anak,Positif,Netral
86,Dinkes Madiun jamin keamanan vaksin AstraZeneca,dinkes madiun jamin aman astrazeneca,Positif,Positif
432,"Banyak Keluhan Ngantuk Usai Vaksin COVID-19, Ini Penjelasan Tim Riset",banyak keluh ngantuk usai jelas tim riset,Negatif,Negatif
184,Tim pakar: Maksimalkan vaksinasi saat penyekatan larangan mudik,tim pakar maksimal sekat larang mudik,Netral,Netral
978,"Jumat 12 Maret 2021, 116.860 Orang Disuntik Vaksin Covid-19",jumat maret orang suntik ,Netral,Netral
534,"Tak Cuma Jokowi, Ini Daftar Penerima Vaksin Pertama",tak cuma jokowi daftar terima pertama,Netral,Netral
294,"Imuwan Sebut Varian Corona P1 Brasil Bermutasi, Lebih Ganas",imuwan sebut varian brasil mutasi lebih ganas,Negatif,Netral
892,"Sebelum Diuji ke Anak, Keamanan dan Manfaat Vaksin COVID-19 pada Dewasa Harus Dipastikan", uji anak aman manfaat dewasa pasti,Positif,Netral
425,Lima Terobosan Menkes Tangani Covid dan Program Vaksinasi,lima terobos menkes tangan program ,Netral,Netral
713,"Vaksinasi Covid-19 Tahap Kedua Dimulai 17 Februari, Bertahap, Prioritas Jawa-Bali", tahap dua mulai februari tahap prioritas jawabali,Netral,Netral
260,Fix! Vaksinasi Gotong Royong Pakai Vaksin Sinopharm & Sputnik,fix gotong royong pakai sinopharm sputnik,Netral,Netral
237,Resmi! Uni Eropa Gugat AstraZeneca Gegara Vaksin Covid,resmi uni eropa gugat astrazeneca gegara ,Netral,Netral
559,"BPOM Sebut Efikasi Vaksin Sinovac 65,3 Persen, Ini Artinya",bpom sebut efikasi sinovac persen arti,Netral,Positif
583,"Beredar Daftar Artis Penerima Vaksin Pertama, Ini Kata Jubir Vaksinasi",edar daftar artis terima pertama kata jubir ,Netral,Netral
445,Ilmuwan Oxford Siapkan Vaksin COVID-19 Versi Baru untuk Atasi Mutasi Corona,ilmuwan oxford siap versi baru atas mutasi ,Netral,Netral
867,Peneliti: Vaksin COVID-19 Pfizer Kurang Efektif bagi Penderita Obesitas,teliti pfizer kurang efektif derita obesitas,Negatif,Positif
800,"Diuji ke Anak, Keamanan dan Manfaat Vaksin COVID-19 pada Dewasa Harus Dipastikan",uji anak aman manfaat dewasa pasti,Netral,Netral
599,"Jelang Vaksinasi COVID-19, Menkes Ingatkan Puskesmas yang Tak Punya Kulkas",jelang menkes ingat puskesmas tak punya kulkas,Netral,Netral
849,Regulator Obat Uni Eropa Restui Penggunaan Vaksin COVID-19 Johnson and Johnson,regulator obat uni eropa restu guna johnson and johnson,Netral,Netral
265,Alasan Anang Hermansyah Mau Disuntik Vaksin Nusantara Terawan,alas anang hermansyah mau suntik nusantara awan,Netral,Netral
995,"Jokowi: 4,6 Juta Dosis Vaksin AstraZeneca Tiba di Indonesia Maret 2021",jokowi juta dosis astrazeneca tiba indonesia maret,Netral,Netral
529,Alasan Sleman Pilih dr Tirta Jadi Penerima Vaksin COVID-19 Pertama,alas sleman pilih dr tirta jadi terima pertama,Netral,Netral
55,KPC-PEN : 8 juta vaksin Sinovac kembali datang Selasa,kpcpen juta sinovac datang selasa,Netral,Positif
120,Dinkes Palembang vaksin disabilitas dan orang gangguan jiwa,dinkes palembang disabilitas orang ganggu jiwa,Netral,Netral
215,"Tak Hanya Pandemi, Kominfo Ingatkan Ancaman Infodemic Covid",tak pandemi kominfo ingat ancam infodemic ,Netral,Negatif
25,"Humaniora kemarin, varian baru COVID-19 hingga pembajakan buku",humaniora kemarin varian baru hingga baja buku,Negatif,Netral
72,Pemberian vaksin AstraZeneca dilanjutkan,beri astrazeneca lanjut,Netral,Positif
44,Seluruh pengajar di Surabaya divaksin jelang sekolah tatap muka,seluruh ajar surabaya jelang sekolah tatap muka,Netral,Netral
247,Nah Loh! AstraZeneca Digugat Eropa Gegara Vaksin Covid-19,nah loh astrazeneca gugat eropa gegara ,Netral,Netral
721,Ganjar Belum Mau Langsung Sanksi Penolak Vaksin Covid-19,ganjar mau langsung sanksi tolak ,Positif,Netral
281,Warga Bumi Harus Suntik Ulang Vaksin Covid Setiap Tahun?,warga bumi suntik ulang tahun,Netral,Netral
893,"Lewati Pandemi Flu saat Kecil, Nenek 104 Tahun di AS Disuntik Vaksin COVID-19",lewat pandemi flu kecil nenek tahun as suntik ,Netral,Netral
914,BPOM RI: Vaksin AstraZeneca yang Masuk Indonesia Sesuai Standar Mutu Global,bpom ri astrazeneca masuk indonesia sesuai standar mutu global,Positif,Positif
810,Wamenkes Puji Penerima Vaksin COVID-19 Berusia 104 di Bogor,wamenkes puji terima usia bogor,Positif,Positif
244,AS Kembali Izinkan Vaksin Covid-19 Johnson & Johnson Beredar,as izin johnson johnson edar,Netral,Netral
822,"Vaksin AstraZeneca Boleh Digunakan, Kemenkes: Tak Ada Alasan Ragu Vaksinasi COVID-19", astrazeneca guna kemenkes tak alas ragu ,Positif,Netral
321,Bambang Brodjonegoro Pamer N29 Hingga Drone di Hannover Messe,bambang brodjonegoro pamer hingga drone hannover messe,Netral,Positif
643,"Tak Sabar Ingin Divaksin, Gubernur Banten: Supaya Bisa Leluasa ke Mana-mana",tak sabar gubernur banten leluasa manamana,Positif,Netral
158,Total penerima vaksin COVID-19 capai 13.699.393 orang,total terima capai orang,Netral,Netral
977,Satgas Covid-19: Vaksin AstraZeneca Tidak Terindikasi Menyebabkan Pembekuan Darah,satgas astrazeneca indikasi sebab beku darah,Positif,Negatif
429,"Tim Riset: Pasca 3 Bulan Suntik, Antibodi Vaksin Sinovac Masih di Atas 90 Persen",tim riset pasca bulan suntik antibodi sinovac atas persen,Positif,Positif
941,"Jubir Wapres: Jangan Lagi Persoalkan Halal Haram Vaksin AstraZeneca, yang Penting Dibolehkan",jubir wapres jangan soal halal haram astrazeneca penting boleh,Positif,Netral
462,Moderna Kaji Kemungkinan Muncul Alergi Usai Disuntik Vaksin Corona Buatannya,moderna kaji mungkin muncul alergi usai suntik buat,Negatif,Negatif
309,"Besok, Sejumlah Anggota DPR Disuntik Vaksin Nusantara Terawan",besok jumlah anggota dpr suntik nusantara awan,Netral,Netral
697,"Vaksinasi Tahap Dua: 7,5 Juta Dosis Vaksin Segera Didistribusikan", tahap juta dosis segera distribusi,Netral,Netral
60,Kemenkes: Realisasi 1 juta vaksinasi per hari bergulir Juni,kemenkes realisasi juta per hari gulir juni,Netral,Netral
884,Indonesia Jadi Negara ke-4 Terbanyak Vaksinasi yang Mencapai 10 Juta Vaksin,indonesia jadi negara banyak capai juta ,Netral,Netral
595,WNI di UEA Ceritakan Pengalaman Dapat Vaksin COVID-19 Dosis Kedua,wni uea cerita alam dosis dua,Netral,Netral
767,Tingginya Angka Kematian Jadi Alasan BPOM Bolehkan Lansia Disuntik Vaksin Sinovac,tinggi angka mati jadi alas bpom boleh lansia suntik sinovac,Netral,Netral
649,"UPDATE 23 Februari: 789.966 Tenaga Kesehatan Disuntik Vaksin Dosis Kedua, 1.269.905 Dosis Pertama",update februari tenaga sehat suntik dosis dua dosis pertama,Netral,Netral
650,"Pendaftaran Vaksinasi Covid-19 Lansia di Denpasar Dimulai, Hanya Bisa Secara Online",daftar lansia denpasar mulai online,Netral,Netral
865,Menkes Budi Gunadi: Jumlah Vaksin Jadi Tantangan Terbesar Vaksinasi COVID-19,menkes budi gunadi jumlah jadi tantang besar ,Netral,Netral
668,"Vaksinasi Covid-19 Tahap Dua, Pedagang Malioboro hingga Beringharjo Akan Disuntik Vaksin", tahap dagang malioboro hingga beringharjo suntik ,Netral,Netral
298,Resmi! Denmark Setop Penggunaan Vaksin Covid-19 AstraZeneca,resmi denmark setop guna astrazeneca,Netral,Netral
689,"Wapres Jadi Pelopor Kelompok Umum, Vaksinasi Covid-19 Lansia Dimulai...",wapres jadi pelopor kelompok umum lansia mulai,Netral,Positif
314,Bambang Brodjonegoro Beberkan Karya Anak Bangsa Lawan Covid,bambang brodjonegoro kan karya anak bangsa lawan ,Netral,Netral
310,BPOM Buka-bukaan Soal Tahapan Uji Vaksin Covid-19 di RI,bpom bukabukaan soal tahap uji ri,Netral,Netral
361,"Usai Disuntik Vaksin Sputnik, Presiden Ini Positif Covid-19",usai suntik sputnik presiden positif ,Negatif,Netral
479,Ahli Geriatri UI Jelaskan Kematian Lansia di Norwegia Usai Vaksin Pfizer,ahli geriatri ui jelas mati lansia norwegia usai pfizer,Negatif,Positif
110,Indocement vaksin 1.000 karyawan cegah penularan COVID-19,indocement karyawan cegah tular ,Netral,Netral
989,BPOM Setujui Vaksin Astrazeneca Dipakai untuk Vaksinasi Covid-19 Massal,bpom tuju astrazeneca pakai massal,Netral,Netral
486,Pendistribusian Vaksin Sinovac Dilengkapi Barcode Hingga GPS,distribusi sinovac lengkap barcode hingga gps,Netral,Netral
363,"Duh, 30 Orang Alami Pembekuan Darah Usai Divaksin Astrazeneca",duh orang alami beku darah usai astrazeneca,Negatif,Negatif
254,"Efek Samping Vaksin AstraZeneca di RI, Bukan Pembekuan Darah",efek samping astrazeneca ri bukan beku darah,Positif,Negatif
259,Catat! Vaksinasi Mandiri Dimulai Minggu Ketiga Mei 2021,catat mandiri mulai minggu tiga mei,Netral,Netral
802,Memahami Upaya Pemenuhan Ketersediaan dan Distribusi Vaksin COVID-19,paham upaya penuh sedia distribusi ,Netral,Netral
677,"Vaksin Covid-19 Anhui Diuji Klinis, Butuh 4.000 Relawan, Lansia Boleh Daftar", anhui uji klinis butuh rawan lansia daftar,Netral,Netral
494,"Viral Gambar Saya Siap Divaksin, Template Bisa Cari di Sini",viral gambar siap template cari sini,Netral,Netral
670,UPDATE: 736.710 Tenaga Kesehatan Terima Vaksin Covid-19 Dosis Kedua,update tenaga sehat terima dosis dua,Netral,Netral
377,"Belajar Tatap Muka Segera Dimulai, Vaksin Covid Anak Tak Ada",ajar tatap muka segera mulai anak tak ,Netral,Netral
526,"Drama Vaksin COVID-19, Profesor-Perawat Sama-sama Grogi Suntik Presiden",drama profesorperawat samasama grogi suntik presiden,Netral,Netral
845,"Positif COVID-19 Usai Vaksin, Kondisi Kesehatan Sekda Bandung Membaik",positif usai kondisi sehat sekda bandung baik,Positif,Positif
137,Pekerja distributor barang perlu diprioritaskan vaksin gotong royong,kerja distributor barang perlu prioritas gotong royong,Netral,Netral
355,Syarat Baru Perjalanan RI & Masa Berlaku PCR-Antigen-GeNose,syarat baru jalan ri masa laku pcrantigengenose,Netral,Negatif
365,"Duh! Kasus Covid India Terus Meroket, Pasokan Vaksin Terancam",duh kasus india terus roket pasok ancam,Negatif,Negatif
942,"Tinjau Vaksinasi di Halmahera Utara, Jokowi Pastikan Distribusi Vaksin Merata",tinjau halmahera utara jokowi pasti distribusi rata,Positif,Netral
749,Baru 411 Nakes Padang Panjang yang Disuntik Vaksin Covid-19 dari Target 1.460 Orang,baru nakes padang panjang suntik target orang,Netral,Netral
948,Infografis Sertifikat Vaksin Covid-19 Jadi Syarat Bepergian?,infografis sertifikat jadi syarat pergi,Netral,Netral
829,Satgas COVID-19: Penundaan Distribusi Vaksin AstraZeneca Hanya Sementara,satgas tunda distribusi astrazeneca ,Netral,Netral
656,[POPULER SAINS] Keamanan Vaksin Covid-19 Lansia | Gejala Long Covid Bertahan 9 Bulan,populer sains aman lansia gejala long tahan bulan,Netral,Netral
199,Indonesia terima batch ketiga vaksin AstraZeneca dari fasilitas COVAX,indonesia terima batch tiga astrazeneca fasilitas covax,Netral,Netral
213,"Mengenal Varian Corona 'Ganas' India, Seberapa Menakutkan?",kenal varian ganas india berapa takut,Negatif,Netral
408,Menkes: Antibodi Terbentuk 2-3 Minggu Setelah Vaksin COVID-19,menkes antibodi bentuk minggu ,Positif,Positif
332,"Jangan Salah, Ini Alasan Muncul Efek Samping Vaksin Covid-19",jangan salah alas muncul efek samping ,Negatif,Positif
208,Satgas COVID-19 pusat monitor pelaksanaan PPKM Mikro di Kota Madiun,satgas pusat monitor laksana ppkm mikro kota madiun,Netral,Positif
613,UPDATE 27 Februari: 1.616.165 Tenaga Kesehatan Disuntik Vaksin Covid-19 Dosis Pertama,update februari tenaga sehat suntik dosis pertama,Netral,Netral
78,80 persen CJH Aceh sudah divaksin meski belum pasti berangkat,persen cjh aceh meski berangkat,Netral,Positif
29,Kadin Surakarta mulai pendaftaran Program Vaksinasi Gotong Royong,kadin surakarta mulai daftar program gotong royong,Netral,Netral
535,Ketua IDI: Vaksinasi Kurangi Angka Gugurnya Dokter dan Nakes,ketua idi kurang angka gugur dokter nakes,Positif,Negatif
695,Apakah Pasien Kanker Bisa Mendapat Vaksin Covid-19? Ahli Jelaskan, pasien kanker dapat ahli jelas,Netral,Positif
557,Yang Tak Boleh Divaksinasi Corona Berdasarkan SK Dirjen P2P Kemenkes, tak dasar sk dirjen pp kemenkes,Netral,Netral
836,Kemenkes: Distribusi Vaksin COVID-19 AstraZeneca Ditunda,kemenkes distribusi astrazeneca tunda,Netral,Netral
596,Ini Jadwal Vaksinasi COVID-19 2021 di Indonesia, jadwal indonesia,Netral,Netral
165,Menkes: Jaga orang yang dicintai dari penularan COVID-19,menkes jaga orang cinta tular ,Netral,Negatif
918,"Investigasi Vaksin AstraZeneca Masih Berjalan, EMA: Manfaatnya Masih Lebih Besar",investigasi astrazeneca jalan ema manfaat lebih besar,Positif,Positif
495,"Pengalaman Disuntik Vaksin Corona Sinovac, Ternyata Begini Rasanya",alam suntik sinovac nyata begini rasa,Netral,Netral
824,"Sertifikat Vaksinasi COVID-19 untuk Syarat Perjalanan, Satgas: Harus Ada Studi Efektivitas Vaksin",sertifikat syarat jalan satgas studi efektivitas ,Netral,Netral
65,Satgas COVID-19 Sulsel: 424.078 orang telah disuntik vaksin,satgas sulsel orang suntik ,Netral,Netral
141,Balikpapan kembalikan 3.200 dosis Vaksin AstraZeneca batch CTmAV547,balikpapan kembali dosis astrazeneca batch ctmav,Netral,Netral
925,"Kemenkes: Sudah Habis, Tidak Ada Lagi Vaksin Sinovac yang Kedaluwarsa Maret dan Mei 2021",kemenkes habis sinovac kedaluwarsa maret mei,Netral,Netral
827,Jabar Siapkan 2.000 Dosis Vaksin COVID-19 untuk Kontingen PON XX,jabar siap dosis kontingen pon xx,Netral,Negatif
655,"Vaksin Covid-19 Tahap 2 Diprioritaskan untuk Lansia, Sultan: Saya Ikut", tahap prioritas lansia sultan ikut,Netral,Positif
331,"China 'Ngegas', Janji Produksi 3 Miliar Vaksin Covid di 2021",china ngegas janji produksi miliar ,Positif,Netral
664,"Fakta-fakta Perawat RSUD Blitar Meninggal karena Covid-19, Sempat Disuntik Vaksin, Riwayat ke Luar Kota",faktafakta awat rsud blitar tinggal sempat suntik riwayat luar kota,Negatif,Positif
249,Awas Tertipu! Vaksin Covid-19 Mulai Beredar di Pasar,awas tipu mulai edar pasar,Netral,Netral
907,"Vaksin AstraZeneca Bisa Digunakan, Kemenkes: Distribusi ke Daerah Paling Lambat Senin Depan", astrazeneca guna kemenkes distribusi daerah paling lambat senin depan,Positif,Netral
708,Wali Kota Salatiga Prioritaskan Jurnalis Terima Vaksinasi Covid-19 Tahap Dua,wali kota salatiga prioritas jurnalis terima tahap ,Netral,Netral
305,Kontroversi Vaksin Nusantara yang Mulai Disuntikkan Hari Ini,kontroversi nusantara mulai suntik hari ,Netral,Netral
734,Pemerintah Klaim Telah Vaksinasi 1 Juta Nakes Kurang dari Satu Bulan,perintah klaim juta nakes kurang satu bulan,Positif,Netral
975,60 Faskes di Depok Terima Vaksin Covid-19 Tahap Kedua,faskes depok terima tahap dua,Netral,Netral
49,Pemerintah terima pasokan bahan baku 8 juta dosis vaksin Sinovac,perintah terima pasok bahan baku juta dosis sinovac,Netral,Netral
896,"Tambah Ketersediaan, 16 Juta Bahan Baku Vaksin Sinovac Tiba di Indonesia",tambah sedia juta bahan baku sinovac tiba indonesia,Netral,Netral
2,Kemenkes intensifkan vaksinasi di tengah temuan varian baru COVID-19,kemenkes intensif tengah temu varian baru ,Positif,Negatif
544,"Vaksinasi COVID-19 Indonesia Dimulai Hari Ini, Menkes Juga Disuntik", indonesia mulai hari menkes suntik,Netral,Netral
350,"Pembekuan Darah Ramai Lagi, Ini Sikap WHO ke AstraZeneca",beku darah ramai sikap who astrazeneca,Negatif,Negatif
904,"Kemkes: Jangan Ragu Gunakan Vaksin, AstraZeneca Disetujui di 70 Negara dan Dewan Islam Dunia",kemkes jangan ragu guna astrazeneca tuju negara dewan islam dunia,Positif,Netral
536,"Penyuntikan Sudah Dimulai, Ini Deretan Efek Samping Vaksin COVID-19",sunti mulai deret efek samping ,Negatif,Negatif
344,Dikorting! RI Cuma Dapat 20 Juta Vaksin AstraZeneca Tahun Ini,korting ri cuma juta astrazeneca tahun ,Netral,Netral
994,Potret Antusiasme 1.000 Pekerja Transportasi Umum di Tangerang Kala Menerima Vaksin COVID-19,potret antusiasme kerja transportasi umum tangerang kala terima ,Positif,Netral
481,Norwegia: Kematian 33 Lansia Tak Terkait Langsung Vaksin Pfizer,norwegia mati lansia tak kait langsung pfizer,Positif,Positif
575,Menkes Tak Desak BPOM untuk Segera Keluarkan EUA Vaksin Corona Sinovac,menkes tak desak bpom segera keluar eua sinovac,Netral,Positif
33,DPR dukung uji klinis Tahap III Vaksin Nusantara,dpr dukung uji klinis tahap iii nusantara,Positif,Netral
31,Layanan vaksin COVID-19 tanpa turun,layan turun,Positif,Negatif
231,"Covid Meledak, India Dikhawatirkan Jadi 'Neraka' 2 Pekan Lagi", ledak india khawatir jadi neraka pekan ,Negatif,Netral
963,"MUI: Vaksin AstraZeneca Haram, Tapi Boleh Digunakan karena Kondisi Mendesak",mui astrazeneca haram guna kondisi desak,Positif,Positif
192,Boyolali bertambah 107 kasus terkonfimasi positif COVID-19,boyolali tambah kasus terkonfimasi positif ,Negatif,Negatif
333,UE Minta Pembekuan Darah Masuk Efek Samping Vaksin Covid-19,ue minta beku darah masuk efek samping ,Negatif,Negatif
3,"Lagi, delapan juta dosis vaksin COVID-19 Sinovac tiba di Indonesia", delapan juta dosis sinovac tiba indonesia,Netral,Netral
204,Jumlah penerima vaksin COVID-19 capai 13.136.686 orang,jumlah terima capai orang,Netral,Positif
514,"Bukan di Istana, Ini Alasan dr Tirta Pilih Vaksin COVID-19 di Puskesmas",bukan istana alas dr tirta pilih puskesmas,Netral,Netral
799,Kolom Pakar] Prof Tjandra Yoga Aditama: Kajian Kemungkinan Dosis Ketiga Vaksin COVID-19,kolom pakar prof tjandra yoga aditama kaji mungkin dosis tiga ,Netral,Netral
306,Gatot Nurmantyo Ikut Disuntik Vaksin Nusantara Terawan,gatot nurmantyo ikut suntik nusantara awan,Netral,Netral
109,Ada apa dengan AstraZeneca di Indonesia?, apa astrazeneca indonesia,Netral,Netral
430,Kondisi Terkini 7 Relawan Vaksin Sinovac Bandung yang Positif COVID-19,kondisi kini rawan sinovac bandung positif ,Netral,Netral
77,3.000 pelaku pariwisata dan budayawan Batam divaksin COVID-19,laku pariwisata budayawan batam ,Netral,Netral
84,Banjarmasin gelar pelayanan vaksinasi COVID-19 di delapan masjid,banjarmasin gelar layan delapan masjid,Netral,Netral
286,Top! Satgas Sebut Vaksin Sinovac RI Lagi Disertifikasi WHO,top satgas sebut sinovac ri sertifikasi who,Positif,Positif
82,Pasien COVID-19 yang meninggal di Sumut bertambah empat orang,pasien tinggal sumut tambah empat orang,Negatif,Negatif
991,Satgas Covid-19: Tidak ada Sindikat Vaksin Covid-19 Palsu di Indonesia,satgas sindikat palsu indonesia,Positif,Positif
789,"Terus Kawal Pengadaan dan Distribusi Vaksin Covid-19, Ini Rekomendasi KPK",terus kawal ada distribusi rekomendasi kpk,Netral,Netral
894,Pfizer Mulai Uji Klinis Vaksin COVID-19 pada Anak 6 Bulan hingga 11 Tahun,pfizer mulai uji klinis anak bulan hingga tahun,Netral,Netral
398,Vaksin Dosis Tunggal Johnson & Johnson 66 Persen Efektif Lawan COVID-19!, dosis tunggal johnson johnson persen efektif lawan ,Positif,Positif
323,Duh! Vaksin Pfizer Kurang Efektif Lawan Mutasi Corona Afsel,duh pfizer kurang efektif lawan mutasi afsel,Negatif,Positif
519,"Usai Vaksinasi COVID-19, Wamenkes: Tidak Ada Rasa Apa-apa",usai wamenkes rasa apaapa,Positif,Negatif
916,"HEADLINE: Indonesia dan 16 Negara Tangguhkan Vaksin AstraZeneca, Tunggu WHO?",headline indonesia negara tangguh astrazeneca tunggu who,Netral,Netral
922,BPOM: Batch Vaksin COVID-19 AstraZeneca yang Disetop di Eropa Tidak Masuk ke Indonesia,bpom batch astrazeneca setop eropa masuk indonesia,Netral,Netral
5,Kimia Farma dukung Media Group gelar vaksinasi gotong royong,kimia farma dukung media group gelar gotong royong,Positif,Netral
731,"UPDATE: 1,2 Juta Kasus Covid-19 di Indonesia, Vaksinasi Boleh untuk Komorbid hingga Penyintas Covid-19",update juta kasus indonesia komorbid hingga sintas ,Positif,Positif
465,"Makin Banyak Varian Corona Baru, WHO: Lakukan Vaksinasi Secepatnya!",makin banyak varian baru who laku cepat,Negatif,Positif
97,Pelaku seni yang sudah divaksin diharapkan dapat berkarya dengan aman,laku seni harap karya aman,Positif,Positif
266,Menkes BGS Sudah Bahas Vaksin Terawan Bareng Kasad & Muhadjir,menkes bgs bahas awan bareng kasad muhadjir,Netral,Netral
357,Dapat Pesan Vaksin Covid Ini? Jangan Dibalas atau Dirampok!, pesan jangan balas rampok,Netral,Negatif
868,"Mesin Pendingin Rusak, Vaksin COVID-19 Terbuang Sia-Sia di Jepang",mesin dingin rusak buang siasia jepang,Negatif,Netral
798,"Stok Vaksin Menipis, Menkes Bakal Perlambat Laju Vaksinasi COVID-19",stok tip menkes bakal lambat laju ,Negatif,Negatif
380,Rumah Sakit Berlin Stop Vaksin Covid ke Wanita Dewasa,rumah sakit lin stop wanita dewasa,Netral,Negatif
631,"Jangan Minum Obat Pereda Nyeri Sebelum Divaksin Covid-19, Begini Penjelasan Ahli",jangan minum obat reda nyeri begini jelas ahli,Netral,Positif
381,Kabar Gembira! Vaksin Moderna Ampuh 96% Lawan Covid di Remaja,kabar gembira moderna ampuh lawan remaja,Positif,Positif
490,"Penting! 6 Cara Registrasi Vaksinasi COVID-19, Termasuk Via WhatsApp",penting cara registrasi masuk via whatsapp,Netral,Netral
118,Komisi VIII DPR: Bengkulu bisa jadi contoh kesiapan sekolah tatap muka,komisi viii dpr bengkulu jadi contoh kesiap sekolah tatap muka,Netral,Positif
900,"RI Mulai Suntikkan Vaksin AstraZeneca, Ketua MUI Jatim Jadi Salah Satu Penerima Pertama",ri mulai suntik astrazeneca ketua mui jatim jadi salah satu terima pertama,Positif,Positif
250,Pelajaran Berharga yang Dipetik RI dari Tsunami Covid India,ajar harga petik ri tsunami india,Netral,Negatif
523,Momen Wamenkes Disuntik Vaksin COVID-19 Bersama Para Nakes,momen wamenkes suntik sama nakes,Netral,Positif
9,"Vaksinasi COVID-19 selesai dijalani 10,5 juta penduduk Indonesia", selesai jalan juta duduk indonesia,Netral,Netral
196,Vaksin AstraZeneca batch ketiga tiba di Indonesia, astrazeneca batch tiga tiba indonesia,Netral,Netral
603,China Pastikan Vaksinnya Efektif Melawan Varian Corona yang Baru,china pasti vaksin efektif lawan varian baru,Positif,Positif
81,AstraZeneca disebut lebih besar manfaat daripada efek sampingnya,astrazeneca sebut lebih besar manfaat efek samping,Positif,Positif
783,Kabupaten Nias Terima 2.600 Dosis Vaksin Covid-19,kabupaten nias terima dosis ,Netral,Netral
587,Kabar Terbaru Fatwa MUI Tentang Vaksin Corona Sinovac,kabar baru fatwa mui sinovac,Netral,Netral
797,"Tanpa Suntik, Oravax Kembangkan Vaksin COVID-19 Berbentuk Pil", suntik oravax kembang bentuk pil,Netral,Positif
239,"Menlu: Via COVAX, RI Sudah Terima 4,9 Juta Vaksin AstraZeneca",menlu via covax ri terima juta astrazeneca,Netral,Netral
290,"4 Vaksin Covid-19 Diterpa Isu Miring, Ada Pfizer & Sinovac", terpa isu miring pfizer sinovac,Negatif,Netral
211,Pemprov Jabar tingkatkan vaksinasi di daerah padat penduduk,pemprov jabar tingkat daerah padat duduk,Positif,Netral
717,"Vaksin Covid-19 Ada Kedaluwarsa, Kemenkes Minta Persediaan Tahap I Dihabiskan", kedaluwarsa kemenkes minta sedia tahap habis,Netral,Positif
359,"AS 'Buang' AstraZeneca, Ganti Pakai Vaksin Corona Ini",as buang astrazeneca ganti pakai ,Netral,Netral
449,Airlangga: Jenis Vaksin Corona Opsi Mandiri Diusahakan Beda dengan yang Gratis,airlangga jenis opsi mandiri usaha beda gratis,Netral,Netral
227,Malaysia Setop Pakai Vaksin AstraZeneca di Program Vaksinasi,malaysia setop pakai astrazeneca program ,Netral,Netral
950,7 Hal Terkait Penggunaan Vaksin Covid-19 AstraZeneca di Indonesia, kait guna astrazeneca indonesia,Netral,Netral
946,Kemenkes: Vaksin AstraZeneca Sudah Didistribusikan ke 7 Provinsi,kemenkes astrazeneca distribusi provinsi,Netral,Netral
796,"Terjadi Distorsi pada COVAX, WHO Minta Negara Kaya Sumbangkan Vaksin COVID-19",jadi distorsi covax who minta negara kaya sumbang ,Netral,Netral
501,BPOM RI Jamin Vaksin Masih Efektif untuk Varian Baru Virus Corona,bpom ri jamin efektif varian baru virus ,Positif,Positif
464,Sedihnya Negara Ini Hanya Kebagian 25 Dosis Vaksin COVID-19,sedih negara bagi dosis ,Netral,Netral
362,Vaksinasi Ampuh Pulihkan Pasien Long Covid? Cek Faktanya, ampuh pulih pasien long cek fakta,Netral,Netral
468,"Penerima Vaksin Corona Tetap Bisa Tularkan COVID-19, Ini Alasannya",terima tetap tular alas,Negatif,Negatif
935,"Pimpinan DPR: Antisipasi Embargo, Produksi Vaksin Covid-19 Dalam Negeri Harus Dikebut",pimpin dpr antisipasi embargo produksi negeri kebut,Netral,Positif
428,"Viral Dokter Wafat Usai Divaksin Corona, Kemenkes: Tak Ada Laporan KIPI",viral dokter wafat usai kemenkes tak lapor kipi,Negatif,Negatif
7,Satgas: Kasus positif COVID-19 di Kaltim bertambah 140 orang,satgas kasus positif kaltim tambah orang,Negatif,Negatif
155,Disbudpar apresiasi warga taati larangan berwisata ke siring sungai,disbudpar apresiasi warga taat larang wisata siring sungai,Positif,Netral
